model,seq_len,F,ma24_rmse,ma24_rmse_std,ma24_mae,hourly_rmse,hourly_mae,n_stations
airformer,24,F1,6.507259448369344,1.119267433596303,4.3384103245205345,9.721763637330797,6.274605300691393,18
airformer,24,F2,6.004881540934245,0.7866586384073251,4.099122325579326,9.302597337298923,5.989051765865749,18
airformer,24,F3,5.693635702133179,0.8619911398532323,3.9053399827745228,9.09585001733568,5.856079684363471,18
airformer,24,F4,5.9731605052948,0.8892853775787176,4.002637717458937,9.284668975406223,5.902573135164049,18
airformer,24,F5,5.544902178976271,0.9206602634624935,3.921196116341485,9.005058394538032,5.879814253913032,18
airformer,48,F1,6.228765461179945,0.8560247262336647,4.212229781680637,9.500679175059,6.148429287804498,18
airformer,48,F2,6.274049520492554,0.7684987034197399,4.205534087287055,9.515650457806057,6.0715688069661455,18
airformer,48,F3,5.704182386398315,0.9237287600181666,3.889903121524387,9.126903110080296,5.848091549343533,18
airformer,48,F4,5.827795690960354,0.9046619908433481,4.004284805721706,9.205746359295315,5.9467719131045875,18
airformer,48,F5,5.64766173892551,0.8655553225449798,3.9867225090662637,9.084200037850273,6.008306662241618,18
airformer,72,F1,6.111329555511475,0.7390525792526684,4.17101608382331,9.390161037445068,6.131991492377387,18
airformer,72,F2,6.050797409481472,0.8506229504031686,4.075820644696553,9.321468035380045,5.951785193549262,18
airformer,72,F3,5.718951437208387,0.8823787500378741,3.9232284095552235,9.15423912472195,5.898822625478108,18
airformer,72,F4,5.713164567947388,0.8363355950403112,3.981916652785407,9.119667132695517,5.952213499281141,18
airformer,72,F5,5.442847861184014,0.7771407168538701,3.8950211471981473,8.936439037322998,5.937016328175862,18
airformer,96,F1,6.369432740741306,0.9409081460630043,4.251579271422492,9.594501839743721,6.174115843243069,18
airformer,96,F2,5.955461872948541,0.862349816976659,3.9802009926901922,9.263813654581705,5.815849939982097,18
airformer,96,F3,5.717255327436659,0.9194786926208451,3.904943916532728,9.167959610621134,5.903089205423991,18
airformer,96,F4,5.761100663079156,0.8804744260669337,3.98261825243632,9.151929246054756,5.965432114071316,18
airformer,96,F5,5.445625914467706,0.842170411491123,3.863877455393473,8.962857193417019,5.880123191409641,18
gat_informer,24,F1,6.23301899433136,1.0747667373540781,4.158339553409153,9.631697787178886,6.105227775043911,18
gat_informer,24,F2,6.248096717728509,1.079421876784367,4.143311566776699,9.645436260435316,6.131703456242879,18
gat_informer,24,F3,6.231335401535034,1.077876628512815,4.133749047915141,9.6287948290507,6.1123742659886675,18
gat_informer,24,F4,6.955874443054199,1.1239790454972514,4.687809109687805,10.155457125769722,6.497962832450867,18
gat_informer,24,F5,6.9558730655246315,1.1239799689070806,4.687815388043721,10.155456384023031,6.4979622099134655,18
gat_informer,48,F1,6.1033380428949995,1.0142052068715395,4.091077076064216,9.551323493321737,6.0542530881034,18
gat_informer,48,F2,6.096808711687724,1.0232381898114562,4.091784742143419,9.545709292093912,6.058857096566094,18
gat_informer,48,F3,6.110791855388218,1.010315285017023,4.089088691605462,9.556773662567139,6.065313882297939,18
gat_informer,48,F4,6.310966703626844,1.04306305532279,4.264495637681749,9.70125643412272,6.293165736728245,18
gat_informer,48,F5,6.174013945791456,1.0283910693089349,4.16627820332845,9.601452297634548,6.064284324645996,18
gat_informer,72,F1,6.089794331126743,0.9931177917212052,4.071094221538967,9.547860701878866,6.037340270148383,18
gat_informer,72,F2,6.145752019352383,1.0134693389550906,4.141167402267456,9.57957508828905,6.03654670715332,18
gat_informer,72,F3,6.235566298166911,1.0055062509640005,4.250801179144117,9.637873782051933,6.105213258001539,18
gat_informer,72,F4,6.194651497734918,0.9769112203267236,4.174289637141758,9.618007580439249,6.121185329225328,18
gat_informer,72,F5,7.3774886926015215,1.1463098978275763,5.071211285061306,10.467141760720146,6.76253276401096,18
gat_informer,96,F1,7.412439054912991,1.1625983033726872,5.067155400911967,10.494898663626778,6.750669519106547,18
gat_informer,96,F2,7.412421809302436,1.162593408268372,5.067145599259271,10.49488639831543,6.750673585467869,18
gat_informer,96,F3,7.412379821141561,1.1625909497167584,5.067120658026801,10.494857655631172,6.750677863756816,18
gat_informer,96,F4,7.412423849105835,1.162592908183738,5.067147731781006,10.494887643390232,6.7506725788116455,18
gat_informer,96,F5,7.412491030163235,1.1626059426789659,5.067185587353176,10.494934267467922,6.750662234094408,18
informer,24,F1,5.950807170438997,0.9334670620744565,4.083185589975603,9.408036480049471,6.118640767386503,18
informer,24,F2,6.164836014159206,0.961748057580868,4.242050664168568,9.570879908431493,6.252012379147998,18
informer,24,F3,6.301809485136902,0.8495135976910797,4.434139334681816,9.707318620915338,6.464265834338636,18
informer,24,F4,6.542977378152253,1.091745589012423,4.564209172938174,9.93615171305956,6.573155660847281,18
informer,24,F5,6.1933764805063305,0.9945805119092757,4.475986038640872,9.655709617037422,6.519438271692175,18
informer,48,F1,6.057272071419063,0.9785626475930478,4.222916739434562,9.522107522373142,6.253935739928002,18
informer,48,F2,6.155993346073793,1.0839182578839888,4.3626830233420835,9.571961727268006,6.362667596185856,18
informer,48,F3,6.309506803407162,0.9222115536152625,4.491637864229864,9.699673826698293,6.487549978619664,18
informer,48,F4,6.272748808524582,0.9219369739403914,4.416665372826753,9.690027484379312,6.445709163772147,18
informer,48,F5,6.204892329481904,0.9447955116601203,4.444694892101591,9.658294424269807,6.525779109111608,18
informer,72,F1,6.025797960641328,0.9323621398500673,4.15693312719025,9.468485802275735,6.15572871480651,18
informer,72,F2,6.091408869569458,0.9204601514455594,4.266785706625122,9.545502544874502,6.293801260246596,18
informer,72,F3,6.282240126734642,1.0169884910636384,4.4134838176805555,9.706231838262367,6.464301593606896,18
informer,72,F4,6.427695952871828,1.1658065916268074,4.546294420336511,9.81884931833422,6.543657792663076,18
informer,72,F5,6.247479412686449,1.0017992298631309,4.47244239061745,9.725199297634548,6.530029716664254,18
informer,96,F1,6.060840165391856,0.9672521565530843,4.179624162877008,9.532111917644357,6.216685135251223,18
informer,96,F2,6.061956809389585,1.0015581201103558,4.241310631967854,9.545429955681856,6.300348428538496,18
informer,96,F3,6.264753584948133,0.9533696682604618,4.490061832493633,9.718095720820749,6.564566270993878,18
informer,96,F4,6.437033940887648,1.243201757122187,4.5692862379129515,9.843170991188893,6.583097299124788,18
informer,96,F5,6.299305886242946,1.0189638687000604,4.574493276890653,9.765993759489579,6.639490065263008,18
xgboost,24,F1,5.948195461234671,0.8331891426615511,4.196499591387501,9.39936036522885,6.241858922179438,18
xgboost,24,F2,5.832689313798475,0.8215877254132197,4.137896695098496,9.243263914502325,6.143226669193946,18
xgboost,24,F3,5.802470074663619,0.7625061537316286,4.0981647223119175,9.309209752330446,6.1532254920425995,18
xgboost,24,F4,5.8689788614202785,0.7995981206140101,4.108027576330013,9.380240203307196,6.161945461292176,18
xgboost,24,F5,5.491124370288598,0.7747043728826656,3.984833705393871,9.088251195783693,6.113227787345697,18
xgboost,48,F1,5.973814633537172,0.8451965909210133,4.19315891375692,9.38976044156444,6.217575635922485,18
xgboost,48,F2,5.848966616723921,0.8219133318508519,4.134513558478487,9.257587614335437,6.136971165307547,18
xgboost,48,F3,5.81878955041997,0.7461185759235647,4.1636499079863665,9.272537785970298,6.2059782126448795,18
xgboost,48,F4,5.793668390010243,0.7540246754558567,4.1127184844840174,9.244704382898988,6.154032354520919,18
xgboost,48,F5,5.447788409872449,0.8035154534680378,3.976417491213228,9.020324574716312,6.094203437465616,18
xgboost,72,F5,5.521290391121389,0.8084641387560263,4.030738939325852,9.091891383801226,6.147124660567911,18
xgboost,96,F1,5.950737766890914,0.8616099391702882,4.163389782331284,9.362433780922732,6.176632805880345,18
xgboost,96,F2,5.879507286596301,0.8388301262103655,4.142340682292259,9.280809499646745,6.133042273785284,18
xgboost,96,F3,5.820765826004932,0.8304868418342818,4.160774337514062,9.283896283847538,6.201559264280444,18
xgboost,96,F4,5.733885822623016,0.8047408529196726,4.090112256136184,9.196571454582191,6.13209196421101,18
xgboost,96,F5,5.543833704476381,0.8833289637517603,4.058460851681713,9.13459653799174,6.179833104928938,18
