station,status,hourly_mae,hourly_rmse,ma24_mae,ma24_rmse,elapsed_s,error,feature_config,station_key,model,model_label
ABANTO,ok,4.946704299115701,7.337316488762053,3.356809395325711,4.659311646985721,,,F1,ABANTO,informer,Informer2020
ALGORTA_BBIZI2,ok,8.87129302031329,13.040837362680485,5.521354728073379,7.58161211149386,,,F1,ALGORTA_BBIZI2,informer,Informer2020
ALONSOTEGI,ok,5.96735236425608,8.887229789964913,3.8002694019320247,5.601112705459253,,,F1,ALONSOTEGI,informer,Informer2020
ARRAIZ_Monte,ok,5.298604082160984,8.387063051873108,3.981696960629072,5.967806876027336,,,F1,ARRAIZ_MONTE,informer,Informer2020
BARAKALDO,ok,6.878412864902294,10.4976183399856,4.66456720613686,6.687286729512696,,,F1,BARAKALDO,informer,Informer2020
BASAURI,ok,7.1842180023201045,11.304298249850053,4.926888622242013,6.961303104385895,,,F1,BASAURI,informer,Informer2020
CASTREJANA,ok,6.855322837581741,10.067333537443208,4.160936396027601,6.006690991486722,,,F1,CASTREJANA,informer,Informer2020
ERANDIO,ok,6.576497892341261,9.8496503366544,4.449834736940144,6.187211347477329,,,F1,ERANDIO,informer,Informer2020
EUROPA,ok,5.967404143166706,9.251424519403246,4.140211153813191,6.095337289118005,,,F1,EUROPA,informer,Informer2020
LAS_CARRERAS,ok,6.047569926774815,9.036872530442464,4.167868036384249,5.716400940842741,,,F1,LAS_CARRERAS,informer,Informer2020
MAZARREDO,ok,5.095531170292925,8.036481224449705,3.5963348829665667,5.402985145589152,,,F1,MAZARREDO,informer,Informer2020
MUSKIZ,ok,4.38439356290297,7.608754806393653,3.171773090406907,5.100676585714381,,,F1,MUSKIZ,informer,Informer2020
M_DIAZ_HARO,ok,5.475540437476738,8.56399787680958,3.90897371773585,5.788001733504736,,,F1,M_DIAZ_HARO,informer,Informer2020
SANGRONIZ,ok,6.421817101781747,9.594524820252175,4.066748835985764,5.741986692294251,,,F1,SANGRONIZ,informer,Informer2020
SANTURCE,ok,6.755951233034267,8.991451139273739,4.835570790062972,6.156367384816586,,,F1,SANTURCE,informer,Informer2020
SAN_JULIAN,ok,7.0790405462363495,11.639496874340464,4.811803739766973,7.9717419558682305,,,F1,SAN_JULIAN,informer,Informer2020
SAN_MIGUEL,ok,4.463658467910988,5.924979320941505,3.323275723818695,4.122674053620523,,,F1,SAN_MIGUEL,informer,Informer2020
ZIERBENA_Puerto,ok,8.30153136613508,13.37860513319622,5.127583891574145,7.282389991345715,,,F1,ZIERBENA_PUERTO,informer,Informer2020
ABANTO,ok,4.950269662655999,7.398992166237144,3.363270479204065,4.698502993201308,,,F2,ABANTO,informer,Informer2020
ALGORTA_BBIZI2,ok,10.0797011020456,13.604463854818585,6.939479956962392,8.658743118906646,,,F2,ALGORTA_BBIZI2,informer,Informer2020
ALONSOTEGI,ok,6.075110169946032,8.933573832710518,3.998899321365499,5.785312782787384,,,F2,ALONSOTEGI,informer,Informer2020
ARRAIZ_Monte,ok,5.573397637880579,8.815319885574201,4.278598196825032,6.471949803424911,,,F2,ARRAIZ_MONTE,informer,Informer2020
BARAKALDO,ok,7.207911656744387,10.559257068890604,4.978206618405918,6.809136143742089,,,F2,BARAKALDO,informer,Informer2020
BASAURI,ok,7.079028938612876,11.432027906193776,4.9131297070473465,7.099920565135064,,,F2,BASAURI,informer,Informer2020
CASTREJANA,ok,6.856713474644923,10.204848060101767,4.247364987563175,6.11755671906892,,,F2,CASTREJANA,informer,Informer2020
ERANDIO,ok,6.826160249870567,9.975529489610487,4.693359900756461,6.427963892953561,,,F2,ERANDIO,informer,Informer2020
EUROPA,ok,6.072614111348211,9.071262414974363,4.2842320244694845,5.978866708959629,,,F2,EUROPA,informer,Informer2020
LAS_CARRERAS,ok,6.164000189684586,9.13094929667117,4.212914881752161,5.743312565113376,,,F2,LAS_CARRERAS,informer,Informer2020
MAZARREDO,ok,5.2443059631104285,7.998831234038655,3.713460356190829,5.414114786995581,,,F2,MAZARREDO,informer,Informer2020
MUSKIZ,ok,4.699665896981463,7.816743558903512,3.5056230555615944,5.3550789223182775,,,F2,MUSKIZ,informer,Informer2020
M_DIAZ_HARO,ok,5.560601104227159,8.704739478060999,4.02678166226999,5.879575531562207,,,F2,M_DIAZ_HARO,informer,Informer2020
SANGRONIZ,ok,6.68021450469192,9.940988250708385,4.4188664851099375,6.189350952285748,,,F2,SANGRONIZ,informer,Informer2020
SANTURCE,ok,5.605235352479316,8.033168530475637,3.755675187780031,5.000057336778355,,,F2,SANTURCE,informer,Informer2020
SAN_JULIAN,ok,7.050492128622697,11.146630505013045,4.799738440691182,7.559633684147973,,,F2,SAN_JULIAN,informer,Informer2020
SAN_MIGUEL,ok,4.608745327754301,6.031774520999449,3.4044930646306844,4.2382652095598585,,,F2,SAN_MIGUEL,informer,Informer2020
ZIERBENA_Puerto,ok,8.193849260044372,13.496211036841803,4.994200093571729,7.380538512387388,,,F2,ZIERBENA_PUERTO,informer,Informer2020
ABANTO,ok,4.779657146137884,7.381761672161962,3.2701537893413755,4.738380481912143,,,F3,ABANTO,informer,Informer2020
ALGORTA_BBIZI2,ok,9.203095404994317,13.26172867761656,5.964242250402256,8.067352756922391,,,F3,ALGORTA_BBIZI2,informer,Informer2020
ALONSOTEGI,ok,5.88601327164079,8.750755136519292,3.825195573864176,5.607660069796508,,,F3,ALONSOTEGI,informer,Informer2020
ARRAIZ_Monte,ok,5.857602622495298,8.8856630236288,4.469792362856265,6.497427695780599,,,F3,ARRAIZ_MONTE,informer,Informer2020
BARAKALDO,ok,7.298399656034733,10.911121433146713,5.057898953795227,7.1040346284425935,,,F3,BARAKALDO,informer,Informer2020
BASAURI,ok,6.975870136577736,11.310354304946868,4.891250434353109,6.979434235887198,,,F3,BASAURI,informer,Informer2020
CASTREJANA,ok,7.075216687467516,9.985443648926836,4.213327827874775,5.731823029293432,,,F3,CASTREJANA,informer,Informer2020
ERANDIO,ok,6.495698096488015,10.026920680895746,4.547742726476275,6.456666017923846,,,F3,ERANDIO,informer,Informer2020
EUROPA,ok,5.820026710459347,9.005365191294946,4.083809210293728,5.951900314281164,,,F3,EUROPA,informer,Informer2020
LAS_CARRERAS,ok,6.651306817342615,10.010427153879776,4.683898863168394,6.721910456666463,,,F3,LAS_CARRERAS,informer,Informer2020
MAZARREDO,ok,5.837916018108855,8.920050669160284,4.537199516971367,6.507467663338191,,,F3,MAZARREDO,informer,Informer2020
MUSKIZ,ok,4.563378427767751,7.623056806649255,3.3488024593109507,5.118691866259828,,,F3,MUSKIZ,informer,Informer2020
M_DIAZ_HARO,ok,6.3272570224508575,9.54165106845806,5.0644148440751655,7.071083106972763,,,F3,M_DIAZ_HARO,informer,Informer2020
SANGRONIZ,ok,6.597966218469669,9.739979211180094,4.267043145919765,5.870717832278239,,,F3,SANGRONIZ,informer,Informer2020
SANTURCE,ok,6.3562031056863,8.518391632352543,4.440116750106755,5.749930147923551,,,F3,SANTURCE,informer,Informer2020
SAN_JULIAN,ok,7.226009806955084,10.668265680502964,4.982683348558529,7.127012170010478,,,F3,SAN_JULIAN,informer,Informer2020
SAN_MIGUEL,ok,5.163445874382501,6.569997645383732,3.940398209619291,4.837500866402791,,,F3,SAN_MIGUEL,informer,Informer2020
ZIERBENA_Puerto,ok,8.660836591694679,13.483195243864834,5.261511289150164,7.432129121236734,,,F3,ZIERBENA_PUERTO,informer,Informer2020
ABANTO,ok,4.962734107045452,7.510361545800015,3.382706860535888,4.812405359678692,,,F4,ABANTO,informer,Informer2020
ALGORTA_BBIZI2,ok,9.062801816039748,13.256788959483885,5.684358776000731,7.81911439502212,,,F4,ALGORTA_BBIZI2,informer,Informer2020
ALONSOTEGI,ok,5.816810454528453,8.62405558891285,3.582351286628633,5.3904871811512844,,,F4,ALONSOTEGI,informer,Informer2020
ARRAIZ_Monte,ok,6.365438006956613,9.466553771965629,5.009939115289081,7.215960362400321,,,F4,ARRAIZ_MONTE,informer,Informer2020
BARAKALDO,ok,7.47941952510529,11.076497132221792,5.248717334575197,7.345233866604816,,,F4,BARAKALDO,informer,Informer2020
BASAURI,ok,7.105253510844405,11.192211523647387,4.844441059159836,6.777768996525957,,,F4,BASAURI,informer,Informer2020
CASTREJANA,ok,7.205223622454664,10.113964250383924,4.264877989253596,5.856245208913075,,,F4,CASTREJANA,informer,Informer2020
ERANDIO,ok,6.744478223686439,10.151071740265683,4.649538095260426,6.584822251601973,,,F4,ERANDIO,informer,Informer2020
EUROPA,ok,5.97494363579716,9.202979420978249,4.214025695935096,6.142398711955445,,,F4,EUROPA,informer,Informer2020
LAS_CARRERAS,ok,6.469616103358896,9.734959150806208,4.587738710334955,6.415616552616395,,,F4,LAS_CARRERAS,informer,Informer2020
MAZARREDO,ok,5.547407355481587,8.623576306474906,4.255130942768511,6.259945170381914,,,F4,MAZARREDO,informer,Informer2020
MUSKIZ,ok,4.458632166502585,7.788602330724702,3.2634178026866563,5.292345862933852,,,F4,MUSKIZ,informer,Informer2020
M_DIAZ_HARO,ok,5.722658543973653,8.943514883374483,4.238154206670348,6.247345849775256,,,F4,M_DIAZ_HARO,informer,Informer2020
SANGRONIZ,ok,6.62094505132205,9.854296310495544,4.328986207479803,6.113748296189852,,,F4,SANGRONIZ,informer,Informer2020
SANTURCE,ok,6.087216616122035,8.429249073363884,4.2087987414474695,5.608055086388917,,,F4,SANTURCE,informer,Informer2020
SAN_JULIAN,ok,7.248263212262659,10.681002096952673,5.023835373015409,7.065985137231641,,,F4,SAN_JULIAN,informer,Informer2020
SAN_MIGUEL,ok,4.891626108733722,6.3009250366135126,3.683598147182888,4.512076096561936,,,F4,SAN_MIGUEL,informer,Informer2020
ZIERBENA_Puerto,ok,8.25929688768322,13.469885596362303,5.029360366657025,7.449924167509032,,,F4,ZIERBENA_PUERTO,informer,Informer2020
ABANTO,ok,5.029223942275931,7.558221659298629,3.391363280110414,4.915383339231473,,,F5,ABANTO,informer,Informer2020
ALGORTA_BBIZI2,ok,9.14134026798344,13.066905275234,5.775599276425799,7.761497823426007,,,F5,ALGORTA_BBIZI2,informer,Informer2020
ALONSOTEGI,ok,5.901521376739321,8.826139270985466,3.7905881435860938,5.702147141509816,,,F5,ALONSOTEGI,informer,Informer2020
ARRAIZ_Monte,ok,6.398886248485559,9.649038538292784,5.066602094040084,7.455856593662489,,,F5,ARRAIZ_MONTE,informer,Informer2020
BARAKALDO,ok,7.569582307857575,10.99098024966281,5.244521031971482,7.19432650792595,,,F5,BARAKALDO,informer,Informer2020
BASAURI,ok,7.500808383850853,11.555326311037549,5.190072693955713,7.269170289538519,,,F5,BASAURI,informer,Informer2020
CASTREJANA,ok,7.09520064491106,10.00513908686906,4.105450644429647,5.6632538131452215,,,F5,CASTREJANA,informer,Informer2020
ERANDIO,ok,6.692759894535242,9.882349757297352,4.441604695014447,6.212134000097568,,,F5,ERANDIO,informer,Informer2020
EUROPA,ok,6.039212673462033,9.272240317325217,4.233274259300825,6.064975470369326,,,F5,EUROPA,informer,Informer2020
LAS_CARRERAS,ok,6.342391451673099,9.617570433934048,4.613398741953066,6.442381333902217,,,F5,LAS_CARRERAS,informer,Informer2020
MAZARREDO,ok,5.763425869271997,8.748149318611686,4.475651134308162,6.417054586905942,,,F5,MAZARREDO,informer,Informer2020
MUSKIZ,ok,4.510041486869441,7.825190337828235,3.364170233074213,5.34898471129856,,,F5,MUSKIZ,informer,Informer2020
M_DIAZ_HARO,ok,6.280372373753095,9.434895334070152,4.880317772190633,6.946990761828421,,,F5,M_DIAZ_HARO,informer,Informer2020
SANGRONIZ,ok,6.6531926892312425,9.89353503985594,4.32301256589699,6.102063711423545,,,F5,SANGRONIZ,informer,Informer2020
SANTURCE,ok,6.243015378560743,8.581796591982656,4.363760632796593,5.8103425299609714,,,F5,SANTURCE,informer,Informer2020
SAN_JULIAN,ok,6.956291841234574,10.56000763154345,4.689646067176966,6.8629512014398335,,,F5,SAN_JULIAN,informer,Informer2020
SAN_MIGUEL,ok,4.931330412851475,6.33871153650164,3.6456617926466497,4.530349119714574,,,F5,SAN_MIGUEL,informer,Informer2020
ZIERBENA_Puerto,ok,8.563184271501154,14.060629611031526,5.548375053128476,8.198536559552402,,,F5,ZIERBENA_PUERTO,informer,Informer2020
ABANTO,ok,4.651132583618164,7.155944347381592,3.076983690261841,4.439359188079834,,,F1,ABANTO,airformer,AirFormer
ALGORTA (BBIZI2),ok,8.49716567993164,13.067476272583008,5.376505374908447,7.880809783935547,,,F1,ALGORTA_BBIZI2,airformer,AirFormer
ALONSOTEGI,ok,5.999107360839844,8.799982070922852,4.090701580047607,6.00977897644043,,,F1,ALONSOTEGI,airformer,AirFormer
ARRAIZ (Monte),ok,5.314725399017334,8.347956657409668,4.0304646492004395,5.9995503425598145,,,F1,ARRAIZ_MONTE,airformer,AirFormer
BARAKALDO,ok,7.216742515563965,10.640951156616211,5.026543617248535,7.047300815582275,,,F1,BARAKALDO,airformer,AirFormer
BASAURI,ok,6.667702674865723,11.102374076843262,4.684719562530518,6.941282272338867,,,F1,BASAURI,airformer,AirFormer
CASTREJANA,ok,6.710485458374023,9.82599925994873,4.3287553787231445,6.267428874969482,,,F1,CASTREJANA,airformer,AirFormer
ERANDIO,ok,6.182538986206055,9.689258575439453,4.30191707611084,6.224620819091797,,,F1,ERANDIO,airformer,AirFormer
EUROPA,ok,5.602896213531494,8.918696403503418,3.9074652194976807,5.898362636566162,,,F1,EUROPA,airformer,AirFormer
LAS CARRERAS,ok,5.8871917724609375,8.892005920410156,3.9445409774780273,5.5587639808654785,,,F1,LAS_CARRERAS,airformer,AirFormer
MAZARREDO,ok,5.000324249267578,8.000422477722168,3.4988794326782227,5.472376346588135,,,F1,MAZARREDO,airformer,AirFormer
MUSKIZ,ok,4.15132999420166,7.478369235992432,3.021199941635132,5.079024314880371,,,F1,MUSKIZ,airformer,AirFormer
Mª DIAZ HARO,ok,5.639011859893799,8.810038566589355,4.143845558166504,6.343542098999023,,,F1,M_DIAZ_HARO,airformer,AirFormer
SAN JULIAN,ok,6.350033760070801,10.027653694152832,4.108902931213379,6.292471408843994,,,F1,SAN_JULIAN,airformer,AirFormer
SAN MIGUEL,ok,6.300536155700684,8.395190238952637,5.207181453704834,7.304378986358643,,,F1,SAN_MIGUEL,airformer,AirFormer
SANGRONIZ,ok,6.0719313621521,9.372281074523926,3.725738286972046,5.463528156280518,,,F1,SANGRONIZ,airformer,AirFormer
SANTURCE,ok,6.644067287445068,9.293970108032227,4.693375110626221,6.925102233886719,,,F1,SANTURCE,airformer,AirFormer
ZIERBENA (Puerto),ok,7.784803867340088,13.193655014038086,4.652416229248047,6.970097064971924,,,F1,ZIERBENA_PUERTO,airformer,AirFormer
ABANTO,ok,4.63663911819458,7.24928617477417,3.1448535919189453,4.608659267425537,,,F2,ABANTO,airformer,AirFormer
ALGORTA (BBIZI2),ok,8.576081275939941,13.246801376342773,5.483358860015869,8.027606010437012,,,F2,ALGORTA_BBIZI2,airformer,AirFormer
ALONSOTEGI,ok,5.7066731452941895,8.677119255065918,3.8705875873565674,5.811448574066162,,,F2,ALONSOTEGI,airformer,AirFormer
ARRAIZ (Monte),ok,5.3739752769470215,8.608451843261719,4.140727996826172,6.331355571746826,,,F2,ARRAIZ_MONTE,airformer,AirFormer
BARAKALDO,ok,6.983448505401611,10.52786636352539,4.916441917419434,6.955509662628174,,,F2,BARAKALDO,airformer,AirFormer
BASAURI,ok,6.584211349487305,10.99425220489502,4.662653923034668,6.9324564933776855,,,F2,BASAURI,airformer,AirFormer
CASTREJANA,ok,6.767029285430908,9.956768035888672,4.286963939666748,6.23960542678833,,,F2,CASTREJANA,airformer,AirFormer
ERANDIO,ok,6.089710235595703,9.555749893188477,4.284342288970947,6.189507007598877,,,F2,ERANDIO,airformer,AirFormer
EUROPA,ok,5.593617916107178,8.969791412353516,3.9826602935791016,6.028522491455078,,,F2,EUROPA,airformer,AirFormer
LAS CARRERAS,ok,6.0241780281066895,9.189959526062012,4.183516502380371,5.969862461090088,,,F2,LAS_CARRERAS,airformer,AirFormer
MAZARREDO,ok,4.994041442871094,8.068562507629395,3.6166605949401855,5.631050109863281,,,F2,MAZARREDO,airformer,AirFormer
MUSKIZ,ok,4.161328315734863,7.588928699493408,3.091355323791504,5.223410129547119,,,F2,MUSKIZ,airformer,AirFormer
Mª DIAZ HARO,ok,5.526642322540283,8.759663581848145,4.1512227058410645,6.285118103027344,,,F2,M_DIAZ_HARO,airformer,AirFormer
SAN JULIAN,ok,6.532144069671631,10.245687484741211,4.350678443908691,6.595932960510254,,,F2,SAN_JULIAN,airformer,AirFormer
SAN MIGUEL,ok,5.464061260223389,7.7093939781188965,4.421436786651611,6.518286228179932,,,F2,SAN_MIGUEL,airformer,AirFormer
SANGRONIZ,ok,6.063634872436523,9.482531547546387,3.8918421268463135,5.719906330108643,,,F2,SANGRONIZ,airformer,AirFormer
SANTURCE,ok,6.338440418243408,9.165528297424316,4.485011100769043,6.757938861846924,,,F2,SANTURCE,airformer,AirFormer
ZIERBENA (Puerto),ok,7.872381687164307,13.28536605834961,4.735299587249756,7.106715679168701,,,F2,ZIERBENA_PUERTO,airformer,AirFormer
ABANTO,ok,4.560878753662109,7.032151699066162,2.9771437644958496,4.265310287475586,,,F3,ABANTO,airformer,AirFormer
ALGORTA (BBIZI2),ok,8.393298149108887,13.031270027160645,5.196280002593994,7.7049031257629395,,,F3,ALGORTA_BBIZI2,airformer,AirFormer
ALONSOTEGI,ok,5.325343132019043,8.182327270507812,3.3833959102630615,5.12123966217041,,,F3,ALONSOTEGI,airformer,AirFormer
ARRAIZ (Monte),ok,5.722565650939941,8.500040054321289,4.397807598114014,6.204177379608154,,,F3,ARRAIZ_MONTE,airformer,AirFormer
BARAKALDO,ok,6.8314290046691895,10.346938133239746,4.71163272857666,6.607985973358154,,,F3,BARAKALDO,airformer,AirFormer
BASAURI,ok,6.552408218383789,10.888277053833008,4.526275157928467,6.661105155944824,,,F3,BASAURI,airformer,AirFormer
CASTREJANA,ok,6.312635898590088,9.349591255187988,3.7198853492736816,5.342984199523926,,,F3,CASTREJANA,airformer,AirFormer
ERANDIO,ok,6.173042297363281,9.725205421447754,4.375641822814941,6.25883674621582,,,F3,ERANDIO,airformer,AirFormer
EUROPA,ok,5.515978813171387,8.707094192504883,3.7557289600372314,5.648489952087402,,,F3,EUROPA,airformer,AirFormer
LAS CARRERAS,ok,5.869272708892822,8.925061225891113,4.026177883148193,5.607537746429443,,,F3,LAS_CARRERAS,airformer,AirFormer
MAZARREDO,ok,5.100457668304443,7.976965427398682,3.5947771072387695,5.4077935218811035,,,F3,MAZARREDO,airformer,AirFormer
MUSKIZ,ok,4.065741062164307,7.361629009246826,2.922227382659912,4.919314384460449,,,F3,MUSKIZ,airformer,AirFormer
Mª DIAZ HARO,ok,5.279783725738525,8.341216087341309,3.8103487491607666,5.659527778625488,,,F3,M_DIAZ_HARO,airformer,AirFormer
SAN JULIAN,ok,6.334315299987793,9.950545310974121,4.026340961456299,6.180148124694824,,,F3,SAN_JULIAN,airformer,AirFormer
SAN MIGUEL,ok,4.3066205978393555,5.818183898925781,3.1849584579467773,4.1778244972229,,,F3,SAN_MIGUEL,airformer,AirFormer
SANGRONIZ,ok,6.025690078735352,9.284626007080078,3.6468284130096436,5.346488952636719,,,F3,SANGRONIZ,airformer,AirFormer
SANTURCE,ok,5.146127700805664,7.768606662750244,3.1783552169799805,4.718345642089844,,,F3,SANTURCE,airformer,AirFormer
ZIERBENA (Puerto),ok,7.750059127807617,13.094527244567871,4.584450721740723,6.8432698249816895,,,F3,ZIERBENA_PUERTO,airformer,AirFormer
ABANTO,ok,4.550534248352051,7.054610252380371,2.970986843109131,4.310141563415527,,,F4,ABANTO,airformer,AirFormer
ALGORTA (BBIZI2),ok,8.524788856506348,13.129794120788574,5.33755350112915,7.834700584411621,,,F4,ALGORTA_BBIZI2,airformer,AirFormer
ALONSOTEGI,ok,5.462304592132568,8.271263122558594,3.553072690963745,5.2410173416137695,,,F4,ALONSOTEGI,airformer,AirFormer
ARRAIZ (Monte),ok,5.546159267425537,8.366517066955566,4.220936298370361,6.044630527496338,,,F4,ARRAIZ_MONTE,airformer,AirFormer
BARAKALDO,ok,7.145641326904297,10.615066528320312,5.092914581298828,6.998868465423584,,,F4,BARAKALDO,airformer,AirFormer
BASAURI,ok,6.542593479156494,10.881184577941895,4.511728763580322,6.658785343170166,,,F4,BASAURI,airformer,AirFormer
CASTREJANA,ok,6.655978679656982,9.620071411132812,4.071351051330566,5.714598655700684,,,F4,CASTREJANA,airformer,AirFormer
ERANDIO,ok,6.210300922393799,9.785719871520996,4.495643615722656,6.39444637298584,,,F4,ERANDIO,airformer,AirFormer
EUROPA,ok,5.5231099128723145,8.706287384033203,3.7229697704315186,5.6431450843811035,,,F4,EUROPA,airformer,AirFormer
LAS CARRERAS,ok,5.838190078735352,8.893953323364258,3.9268581867218018,5.549005508422852,,,F4,LAS_CARRERAS,airformer,AirFormer
MAZARREDO,ok,5.06315279006958,7.931992530822754,3.5849268436431885,5.3582563400268555,,,F4,MAZARREDO,airformer,AirFormer
MUSKIZ,ok,4.079026699066162,7.396207809448242,2.936629295349121,4.979532241821289,,,F4,MUSKIZ,airformer,AirFormer
Mª DIAZ HARO,ok,5.57004451751709,8.504547119140625,4.108209133148193,5.886349678039551,,,F4,M_DIAZ_HARO,airformer,AirFormer
SAN JULIAN,ok,6.358946800231934,9.974384307861328,4.0412211418151855,6.221726417541504,,,F4,SAN_JULIAN,airformer,AirFormer
SAN MIGUEL,ok,4.555349826812744,5.965916156768799,3.383641481399536,4.355118751525879,,,F4,SAN_MIGUEL,airformer,AirFormer
SANGRONIZ,ok,5.982363224029541,9.286310195922852,3.663167715072632,5.382526874542236,,,F4,SANGRONIZ,airformer,AirFormer
SANTURCE,ok,5.719789505004883,8.223118782043457,3.875250816345215,5.459571838378906,,,F4,SANTURCE,airformer,AirFormer
ZIERBENA (Puerto),ok,7.713619709014893,13.096489906311035,4.58006477355957,6.867900848388672,,,F4,ZIERBENA_PUERTO,airformer,AirFormer
ABANTO,ok,4.590044975280762,6.879909038543701,2.9477007389068604,4.063683032989502,,,F5,ABANTO,airformer,AirFormer
ALGORTA (BBIZI2),ok,8.461786270141602,12.847573280334473,5.180352210998535,7.435197353363037,,,F5,ALGORTA_BBIZI2,airformer,AirFormer
ALONSOTEGI,ok,5.5985894203186035,8.09440803527832,3.603330135345459,4.979353427886963,,,F5,ALONSOTEGI,airformer,AirFormer
ARRAIZ (Monte),ok,5.679919719696045,8.269360542297363,4.320581436157227,5.9098968505859375,,,F5,ARRAIZ_MONTE,airformer,AirFormer
BARAKALDO,ok,7.101940155029297,10.273037910461426,4.875341892242432,6.532634258270264,,,F5,BARAKALDO,airformer,AirFormer
BASAURI,ok,6.570382118225098,10.620835304260254,4.496111869812012,6.30686092376709,,,F5,BASAURI,airformer,AirFormer
CASTREJANA,ok,6.63955545425415,9.433313369750977,3.9813179969787598,5.495222091674805,,,F5,CASTREJANA,airformer,AirFormer
ERANDIO,ok,6.074219226837158,9.342948913574219,4.097941875457764,5.717635154724121,,,F5,ERANDIO,airformer,AirFormer
EUROPA,ok,5.502549171447754,8.43156623840332,3.6801517009735107,5.249729633331299,,,F5,EUROPA,airformer,AirFormer
LAS CARRERAS,ok,5.822207927703857,8.708929061889648,3.831644058227539,5.308367729187012,,,F5,LAS_CARRERAS,airformer,AirFormer
MAZARREDO,ok,5.115091800689697,7.829196929931641,3.613042116165161,5.195996284484863,,,F5,MAZARREDO,airformer,AirFormer
MUSKIZ,ok,4.05837345123291,7.006217956542969,2.8386428356170654,4.456618785858154,,,F5,MUSKIZ,airformer,AirFormer
Mª DIAZ HARO,ok,6.163001537322998,9.226067543029785,4.679358959197998,6.858754634857178,,,F5,M_DIAZ_HARO,airformer,AirFormer
SAN JULIAN,ok,6.370511054992676,9.790471076965332,4.025413990020752,5.991739749908447,,,F5,SAN_JULIAN,airformer,AirFormer
SAN MIGUEL,ok,4.603368759155273,6.388313293457031,3.4606897830963135,4.875279903411865,,,F5,SAN_MIGUEL,airformer,AirFormer
SANGRONIZ,ok,5.958897113800049,9.012031555175781,3.5547075271606445,4.955199718475342,,,F5,SANGRONIZ,airformer,AirFormer
SANTURCE,ok,6.1158766746521,8.509231567382812,4.097240447998047,5.860808372497559,,,F5,SANTURCE,airformer,AirFormer
ZIERBENA (Puerto),ok,7.723205089569092,12.852189064025879,4.47743558883667,6.464933395385742,,,F5,ZIERBENA_PUERTO,airformer,AirFormer
ABANTO,ok,4.536616325378418,7.066584587097168,2.983416795730591,4.340381622314453,,,F3S,ABANTO,airformer,AirFormer
ALGORTA (BBIZI2),ok,8.388630867004395,13.048918724060059,5.204421043395996,7.746061325073242,,,F3S,ALGORTA_BBIZI2,airformer,AirFormer
ALONSOTEGI,ok,5.33208703994751,8.173730850219727,3.4290432929992676,5.143585681915283,,,F3S,ALONSOTEGI,airformer,AirFormer
ARRAIZ (Monte),ok,5.574095726013184,8.412354469299316,4.273258209228516,6.0954437255859375,,,F3S,ARRAIZ_MONTE,airformer,AirFormer
BARAKALDO,ok,6.932866096496582,10.416150093078613,4.844318389892578,6.731837272644043,,,F3S,BARAKALDO,airformer,AirFormer
BASAURI,ok,6.4783806800842285,10.859724044799805,4.513843536376953,6.6716837882995605,,,F3S,BASAURI,airformer,AirFormer
CASTREJANA,ok,6.232143878936768,9.344185829162598,3.729888916015625,5.340837001800537,,,F3S,CASTREJANA,airformer,AirFormer
ERANDIO,ok,6.065158367156982,9.60684871673584,4.271339416503906,6.158289432525635,,,F3S,ERANDIO,airformer,AirFormer
EUROPA,ok,5.43282413482666,8.689655303955078,3.7045466899871826,5.670836925506592,,,F3S,EUROPA,airformer,AirFormer
LAS CARRERAS,ok,5.802167892456055,8.872461318969727,3.9356489181518555,5.541528701782227,,,F3S,LAS_CARRERAS,airformer,AirFormer
MAZARREDO,ok,5.021775722503662,7.967967987060547,3.539203643798828,5.421052932739258,,,F3S,MAZARREDO,airformer,AirFormer
MUSKIZ,ok,4.031486511230469,7.392641544342041,2.906174659729004,4.97983455657959,,,F3S,MUSKIZ,airformer,AirFormer
Mª DIAZ HARO,ok,5.2748703956604,8.36163330078125,3.8154654502868652,5.700568199157715,,,F3S,M_DIAZ_HARO,airformer,AirFormer
SAN JULIAN,ok,6.287454128265381,9.938044548034668,4.012871742248535,6.177445888519287,,,F3S,SAN_JULIAN,airformer,AirFormer
SAN MIGUEL,ok,4.373897552490234,5.972740650177002,3.25299072265625,4.414653301239014,,,F3S,SAN_MIGUEL,airformer,AirFormer
SANGRONIZ,ok,5.926309585571289,9.251720428466797,3.5984818935394287,5.335951805114746,,,F3S,SANGRONIZ,airformer,AirFormer
SANTURCE,ok,5.265437126159668,7.8366379737854,3.3277080059051514,4.8595356941223145,,,F3S,SANTURCE,airformer,AirFormer
ZIERBENA (Puerto),ok,7.674077987670898,13.124777793884277,4.583651542663574,6.916565895080566,,,F3S,ZIERBENA_PUERTO,airformer,AirFormer
ABANTO,ok,4.553456783294678,6.878188133239746,2.924682855606079,4.041205406188965,,,F3I,ABANTO,airformer,AirFormer
ALGORTA (BBIZI2),ok,8.357048988342285,12.791348457336426,5.108893871307373,7.380616664886475,,,F3I,ALGORTA_BBIZI2,airformer,AirFormer
ALONSOTEGI,ok,5.70408821105957,8.195634841918945,3.7270781993865967,5.13200569152832,,,F3I,ALONSOTEGI,airformer,AirFormer
ARRAIZ (Monte),ok,5.553888320922852,8.162799835205078,4.198395729064941,5.789097309112549,,,F3I,ARRAIZ_MONTE,airformer,AirFormer
BARAKALDO,ok,6.942410469055176,10.253477096557617,4.840872764587402,6.504080295562744,,,F3I,BARAKALDO,airformer,AirFormer
BASAURI,ok,6.481913089752197,10.636663436889648,4.5085859298706055,6.356733798980713,,,F3I,BASAURI,airformer,AirFormer
CASTREJANA,ok,6.369105339050293,9.270646095275879,3.791990280151367,5.20252799987793,,,F3I,CASTREJANA,airformer,AirFormer
ERANDIO,ok,6.013596534729004,9.319218635559082,4.098723888397217,5.670725345611572,,,F3I,ERANDIO,airformer,AirFormer
EUROPA,ok,5.410261631011963,8.33077621459961,3.604182004928589,5.145529747009277,,,F3I,EUROPA,airformer,AirFormer
LAS CARRERAS,ok,5.794820308685303,8.684148788452148,3.8502111434936523,5.272351264953613,,,F3I,LAS_CARRERAS,airformer,AirFormer
MAZARREDO,ok,4.960522651672363,7.619503498077393,3.440079689025879,4.94138240814209,,,F3I,MAZARREDO,airformer,AirFormer
MUSKIZ,ok,4.008826732635498,6.950322151184082,2.814696788787842,4.410892486572266,,,F3I,MUSKIZ,airformer,AirFormer
Mª DIAZ HARO,ok,5.1603264808654785,7.956934452056885,3.664423942565918,5.148492336273193,,,F3I,M_DIAZ_HARO,airformer,AirFormer
SAN JULIAN,ok,6.265814781188965,9.632678031921387,3.935436487197876,5.772629737854004,,,F3I,SAN_JULIAN,airformer,AirFormer
SAN MIGUEL,ok,4.877412796020508,6.549619197845459,3.7524757385253906,5.099948406219482,,,F3I,SAN_MIGUEL,airformer,AirFormer
SANGRONIZ,ok,5.896292686462402,8.964821815490723,3.515615224838257,4.876306533813477,,,F3I,SANGRONIZ,airformer,AirFormer
SANTURCE,ok,5.608707904815674,8.004999160766602,3.652594804763794,5.12507438659668,,,F3I,SANTURCE,airformer,AirFormer
ZIERBENA (Puerto),ok,7.685070514678955,12.971022605895996,4.595430850982666,6.689582347869873,,,F3I,ZIERBENA_PUERTO,airformer,AirFormer
ABANTO,ok,4.532980442047119,6.850273609161377,2.903872489929199,3.9949865341186523,,,F5I,ABANTO,airformer,AirFormer
ALGORTA (BBIZI2),ok,8.454792022705078,12.924449920654297,5.234979629516602,7.576056003570557,,,F5I,ALGORTA_BBIZI2,airformer,AirFormer
ALONSOTEGI,ok,5.534875392913818,8.032116889953613,3.573728084564209,4.942783832550049,,,F5I,ALONSOTEGI,airformer,AirFormer
ARRAIZ (Monte),ok,5.915905475616455,8.543214797973633,4.637939453125,6.257081985473633,,,F5I,ARRAIZ_MONTE,airformer,AirFormer
BARAKALDO,ok,7.12695837020874,10.408059120178223,5.011581897735596,6.726932048797607,,,F5I,BARAKALDO,airformer,AirFormer
BASAURI,ok,6.550127029418945,10.710022926330566,4.564516544342041,6.440857410430908,,,F5I,BASAURI,airformer,AirFormer
CASTREJANA,ok,6.69373893737793,9.625957489013672,4.1154375076293945,5.793819904327393,,,F5I,CASTREJANA,airformer,AirFormer
ERANDIO,ok,6.010951519012451,9.360454559326172,4.122555732727051,5.761562347412109,,,F5I,ERANDIO,airformer,AirFormer
EUROPA,ok,5.405683517456055,8.376433372497559,3.6205694675445557,5.202667713165283,,,F5I,EUROPA,airformer,AirFormer
LAS CARRERAS,ok,5.75499153137207,8.68253231048584,3.818694591522217,5.220590114593506,,,F5I,LAS_CARRERAS,airformer,AirFormer
MAZARREDO,ok,5.067286968231201,7.849058151245117,3.614483594894409,5.210360050201416,,,F5I,MAZARREDO,airformer,AirFormer
MUSKIZ,ok,3.997903347015381,6.981083393096924,2.857693910598755,4.458607196807861,,,F5I,MUSKIZ,airformer,AirFormer
Mª DIAZ HARO,ok,5.875842094421387,8.823204040527344,4.436844825744629,6.299617290496826,,,F5I,M_DIAZ_HARO,airformer,AirFormer
SAN JULIAN,ok,6.316683769226074,9.774508476257324,4.0050272941589355,5.951172351837158,,,F5I,SAN_JULIAN,airformer,AirFormer
SAN MIGUEL,ok,4.779065132141113,6.58082914352417,3.6320266723632812,5.114864349365234,,,F5I,SAN_MIGUEL,airformer,AirFormer
SANGRONIZ,ok,5.919900894165039,8.991576194763184,3.536614179611206,4.927717685699463,,,F5I,SANGRONIZ,airformer,AirFormer
SANTURCE,ok,6.394900798797607,8.979084968566895,4.405508041381836,6.51159143447876,,,F5I,SANTURCE,airformer,AirFormer
ZIERBENA (Puerto),ok,7.662286758422852,12.96628189086914,4.557968616485596,6.654748916625977,,,F5I,ZIERBENA_PUERTO,airformer,AirFormer
ABANTO,ok,4.624300956726074,6.931748867034912,2.9983267784118652,4.118887424468994,,,F3IL,ABANTO,airformer,AirFormer
ALGORTA (BBIZI2),ok,8.379959106445312,12.799860000610352,5.139285564422607,7.349250793457031,,,F3IL,ALGORTA_BBIZI2,airformer,AirFormer
ALONSOTEGI,ok,5.419149398803711,7.928045272827148,3.415956735610962,4.708102226257324,,,F3IL,ALONSOTEGI,airformer,AirFormer
ARRAIZ (Monte),ok,5.557194709777832,8.128669738769531,4.210447788238525,5.705925464630127,,,F3IL,ARRAIZ_MONTE,airformer,AirFormer
BARAKALDO,ok,6.801002502441406,10.080060958862305,4.558300495147705,6.169933795928955,,,F3IL,BARAKALDO,airformer,AirFormer
BASAURI,ok,6.565173625946045,10.69421100616455,4.566784381866455,6.378960132598877,,,F3IL,BASAURI,airformer,AirFormer
CASTREJANA,ok,6.362091064453125,9.146402359008789,3.6986589431762695,5.005274772644043,,,F3IL,CASTREJANA,airformer,AirFormer
ERANDIO,ok,6.098257541656494,9.383692741394043,4.178919792175293,5.772855281829834,,,F3IL,ERANDIO,airformer,AirFormer
EUROPA,ok,5.4700608253479,8.399040222167969,3.670531749725342,5.191178798675537,,,F3IL,EUROPA,airformer,AirFormer
LAS CARRERAS,ok,5.8863372802734375,8.781830787658691,3.9165029525756836,5.363808631896973,,,F3IL,LAS_CARRERAS,airformer,AirFormer
MAZARREDO,ok,5.023116588592529,7.674078941345215,3.5028202533721924,4.99668550491333,,,F3IL,MAZARREDO,airformer,AirFormer
MUSKIZ,ok,4.067739009857178,6.998382568359375,2.8594632148742676,4.421187877655029,,,F3IL,MUSKIZ,airformer,AirFormer
Mª DIAZ HARO,ok,5.210369110107422,8.003868103027344,3.70534610748291,5.20588493347168,,,F3IL,M_DIAZ_HARO,airformer,AirFormer
SAN JULIAN,ok,6.378283500671387,9.796231269836426,4.015682220458984,5.967886924743652,,,F3IL,SAN_JULIAN,airformer,AirFormer
SAN MIGUEL,ok,4.611400127410889,6.409080982208252,3.482588291168213,4.923396587371826,,,F3IL,SAN_MIGUEL,airformer,AirFormer
SANGRONIZ,ok,5.9876708984375,9.03537654876709,3.6040878295898438,4.941381454467773,,,F3IL,SANGRONIZ,airformer,AirFormer
SANTURCE,ok,5.275970458984375,7.713796615600586,3.337613821029663,4.672278881072998,,,F3IL,SANTURCE,airformer,AirFormer
ZIERBENA (Puerto),ok,7.767484664916992,12.9970064163208,4.604119777679443,6.665873050689697,,,F3IL,ZIERBENA_PUERTO,airformer,AirFormer
ABANTO,ok,4.71979284286499,7.400712490081787,3.231494665145874,4.706022262573242,,,F1,ABANTO,gat_informer,GAT-Informer
ALGORTA (BBIZI2),ok,8.705387115478516,13.051937103271484,5.527370929718018,8.186336517333984,,,F1,ALGORTA_BBIZI2,gat_informer,GAT-Informer
ALONSOTEGI,ok,5.830877780914307,9.00080394744873,3.6937339305877686,5.72833251953125,,,F1,ALONSOTEGI,gat_informer,GAT-Informer
ARRAIZ (Monte),ok,5.133642196655273,8.167867660522461,3.900635004043579,5.92792272567749,,,F1,ARRAIZ_MONTE,gat_informer,GAT-Informer
BARAKALDO,ok,6.566662788391113,10.257110595703125,4.498488426208496,6.7871785163879395,,,F1,BARAKALDO,gat_informer,GAT-Informer
BASAURI,ok,6.953720569610596,11.33662223815918,4.834105014801025,7.154638290405273,,,F1,BASAURI,gat_informer,GAT-Informer
CASTREJANA,ok,7.338274955749512,10.68631649017334,4.4179277420043945,6.171166896820068,,,F1,CASTREJANA,gat_informer,GAT-Informer
ERANDIO,ok,6.411479473114014,10.057129859924316,4.48753547668457,6.507504940032959,,,F1,ERANDIO,gat_informer,GAT-Informer
EUROPA,ok,5.938566207885742,9.485198974609375,4.188304901123047,6.3147196769714355,,,F1,EUROPA,gat_informer,GAT-Informer
LAS CARRERAS,ok,5.943024158477783,9.052210807800293,4.09906005859375,5.725240230560303,,,F1,LAS_CARRERAS,gat_informer,GAT-Informer
MAZARREDO,ok,5.31898832321167,8.583229064941406,3.852968215942383,5.9267897605896,,,F1,MAZARREDO,gat_informer,GAT-Informer
MUSKIZ,ok,4.375030994415283,8.0612154006958,3.3090920448303223,5.632259845733643,,,F1,MUSKIZ,gat_informer,GAT-Informer
Mª DIAZ HARO,ok,5.638213634490967,8.983049392700195,4.004192352294922,6.025319576263428,,,F1,M_DIAZ_HARO,gat_informer,GAT-Informer
SAN JULIAN,ok,6.520811080932617,10.080649375915527,4.322971343994141,6.617128372192383,,,F1,SAN_JULIAN,gat_informer,GAT-Informer
SAN MIGUEL,ok,3.7651021480560303,5.613245010375977,2.747927665710449,3.8957736492156982,,,F1,SAN_MIGUEL,gat_informer,GAT-Informer
SANGRONIZ,ok,6.473138809204102,10.057513236999512,4.061000347137451,6.0163397789001465,,,F1,SANGRONIZ,gat_informer,GAT-Informer
SANTURCE,ok,5.1475629806518555,8.147711753845215,3.3453288078308105,4.920295715332031,,,F1,SANTURCE,gat_informer,GAT-Informer
ZIERBENA (Puerto),ok,8.196279525756836,13.901299476623535,5.117250442504883,7.617115497589111,,,F1,ZIERBENA_PUERTO,gat_informer,GAT-Informer
ABANTO,ok,4.718082904815674,7.391231060028076,3.228675603866577,4.692605972290039,,,F2,ABANTO,gat_informer,GAT-Informer
ALGORTA (BBIZI2),ok,8.71200180053711,13.061012268066406,5.545677661895752,8.202764511108398,,,F2,ALGORTA_BBIZI2,gat_informer,GAT-Informer
ALONSOTEGI,ok,5.821346759796143,8.980329513549805,3.6709954738616943,5.700925827026367,,,F2,ALONSOTEGI,gat_informer,GAT-Informer
ARRAIZ (Monte),ok,5.146074295043945,8.167350769042969,3.9178555011749268,5.931358814239502,,,F2,ARRAIZ_MONTE,gat_informer,GAT-Informer
BARAKALDO,ok,6.575522422790527,10.27121639251709,4.524684429168701,6.8119072914123535,,,F2,BARAKALDO,gat_informer,GAT-Informer
BASAURI,ok,6.977471351623535,11.345001220703125,4.85617733001709,7.172844409942627,,,F2,BASAURI,gat_informer,GAT-Informer
CASTREJANA,ok,7.300923824310303,10.616337776184082,4.31936502456665,6.053361415863037,,,F2,CASTREJANA,gat_informer,GAT-Informer
ERANDIO,ok,6.4406023025512695,10.070571899414062,4.511244773864746,6.53095817565918,,,F2,ERANDIO,gat_informer,GAT-Informer
EUROPA,ok,5.968570232391357,9.492167472839355,4.206480503082275,6.329707145690918,,,F2,EUROPA,gat_informer,GAT-Informer
LAS CARRERAS,ok,5.957344055175781,9.055981636047363,4.121665000915527,5.73301887512207,,,F2,LAS_CARRERAS,gat_informer,GAT-Informer
MAZARREDO,ok,5.317460060119629,8.56927490234375,3.8553905487060547,5.910926342010498,,,F2,MAZARREDO,gat_informer,GAT-Informer
MUSKIZ,ok,4.406236171722412,8.085975646972656,3.35565447807312,5.6696882247924805,,,F2,MUSKIZ,gat_informer,GAT-Informer
Mª DIAZ HARO,ok,5.650856971740723,8.985703468322754,4.017824649810791,6.033966064453125,,,F2,M_DIAZ_HARO,gat_informer,GAT-Informer
SAN JULIAN,ok,6.5225958824157715,10.074020385742188,4.317933559417725,6.610043525695801,,,F2,SAN_JULIAN,gat_informer,GAT-Informer
SAN MIGUEL,ok,3.735091209411621,5.598509311676025,2.7167489528656006,3.875713586807251,,,F2,SAN_MIGUEL,gat_informer,GAT-Informer
SANGRONIZ,ok,6.471621036529541,10.043962478637695,4.062266826629639,5.997935771942139,,,F2,SANGRONIZ,gat_informer,GAT-Informer
SANTURCE,ok,5.142657279968262,8.125268936157227,3.303652048110962,4.883668899536133,,,F2,SANTURCE,gat_informer,GAT-Informer
ZIERBENA (Puerto),ok,8.194969177246094,13.8888521194458,5.119832992553711,7.601161956787109,,,F2,ZIERBENA_PUERTO,gat_informer,GAT-Informer
ABANTO,ok,4.731200218200684,7.408350467681885,3.2320151329040527,4.716701984405518,,,F3,ABANTO,gat_informer,GAT-Informer
ALGORTA (BBIZI2),ok,8.709325790405273,13.046420097351074,5.521330833435059,8.177867889404297,,,F3,ALGORTA_BBIZI2,gat_informer,GAT-Informer
ALONSOTEGI,ok,5.858541011810303,9.019911766052246,3.709346055984497,5.756894111633301,,,F3,ALONSOTEGI,gat_informer,GAT-Informer
ARRAIZ (Monte),ok,5.142560958862305,8.174032211303711,3.9014384746551514,5.934744358062744,,,F3,ARRAIZ_MONTE,gat_informer,GAT-Informer
BARAKALDO,ok,6.568877696990967,10.253141403198242,4.487745761871338,6.7806010246276855,,,F3,BARAKALDO,gat_informer,GAT-Informer
BASAURI,ok,6.957151412963867,11.332134246826172,4.820305824279785,7.146958827972412,,,F3,BASAURI,gat_informer,GAT-Informer
CASTREJANA,ok,7.38823127746582,10.722232818603516,4.462433338165283,6.226989269256592,,,F3,CASTREJANA,gat_informer,GAT-Informer
ERANDIO,ok,6.411425590515137,10.0509614944458,4.471076965332031,6.497406005859375,,,F3,ERANDIO,gat_informer,GAT-Informer
EUROPA,ok,5.938157558441162,9.483663558959961,4.172897815704346,6.312233924865723,,,F3,EUROPA,gat_informer,GAT-Informer
LAS CARRERAS,ok,5.942759037017822,9.049460411071777,4.086370468139648,5.721351146697998,,,F3,LAS_CARRERAS,gat_informer,GAT-Informer
MAZARREDO,ok,5.333040714263916,8.601834297180176,3.8532869815826416,5.952088356018066,,,F3,MAZARREDO,gat_informer,GAT-Informer
MUSKIZ,ok,4.369459629058838,8.053205490112305,3.2920191287994385,5.620753765106201,,,F3,MUSKIZ,gat_informer,GAT-Informer
Mª DIAZ HARO,ok,5.650687217712402,8.997922897338867,4.007679462432861,6.046555519104004,,,F3,M_DIAZ_HARO,gat_informer,GAT-Informer
SAN JULIAN,ok,6.529178142547607,10.085718154907227,4.316834449768066,6.623581886291504,,,F3,SAN_JULIAN,gat_informer,GAT-Informer
SAN MIGUEL,ok,3.7853524684906006,5.623321056365967,2.763598918914795,3.908184766769409,,,F3,SAN_MIGUEL,gat_informer,GAT-Informer
SANGRONIZ,ok,6.49284553527832,10.075678825378418,4.067435264587402,6.044597625732422,,,F3,SANGRONIZ,gat_informer,GAT-Informer
SANTURCE,ok,5.153802871704102,8.141434669494629,3.326965093612671,4.909178733825684,,,F3,SANTURCE,gat_informer,GAT-Informer
ZIERBENA (Puerto),ok,8.213052749633789,13.902502059936523,5.110816478729248,7.6175642013549805,,,F3,ZIERBENA_PUERTO,gat_informer,GAT-Informer
ABANTO,ok,4.869816303253174,7.4778337478637695,3.339550495147705,4.809044361114502,,,F4,ABANTO,gat_informer,GAT-Informer
ALGORTA (BBIZI2),ok,8.915526390075684,13.177213668823242,5.703131675720215,8.373331069946289,,,F4,ALGORTA_BBIZI2,gat_informer,GAT-Informer
ALONSOTEGI,ok,6.040393352508545,9.152571678161621,3.792506456375122,5.943308353424072,,,F4,ALONSOTEGI,gat_informer,GAT-Informer
ARRAIZ (Monte),ok,5.50532865524292,8.52680778503418,4.300297260284424,6.392983436584473,,,F4,ARRAIZ_MONTE,gat_informer,GAT-Informer
BARAKALDO,ok,6.825408935546875,10.48597526550293,4.751352787017822,7.114376068115234,,,F4,BARAKALDO,gat_informer,GAT-Informer
BASAURI,ok,7.300748825073242,11.515969276428223,5.0613884925842285,7.4213547706604,,,F4,BASAURI,gat_informer,GAT-Informer
CASTREJANA,ok,7.546765327453613,10.609189987182617,4.3044233322143555,6.028256416320801,,,F4,CASTREJANA,gat_informer,GAT-Informer
ERANDIO,ok,6.693149566650391,10.233501434326172,4.684462547302246,6.76283073425293,,,F4,ERANDIO,gat_informer,GAT-Informer
EUROPA,ok,6.254450798034668,9.681299209594727,4.408499717712402,6.5926713943481445,,,F4,EUROPA,gat_informer,GAT-Informer
LAS CARRERAS,ok,6.1734700202941895,9.203725814819336,4.321072578430176,5.935741901397705,,,F4,LAS_CARRERAS,gat_informer,GAT-Informer
MAZARREDO,ok,5.51981258392334,8.732272148132324,4.067192077636719,6.121247291564941,,,F4,MAZARREDO,gat_informer,GAT-Informer
MUSKIZ,ok,4.6259565353393555,8.316262245178223,3.6321797370910645,5.970505237579346,,,F4,MUSKIZ,gat_informer,GAT-Informer
Mª DIAZ HARO,ok,5.968976020812988,9.23325252532959,4.311535835266113,6.37667179107666,,,F4,M_DIAZ_HARO,gat_informer,GAT-Informer
SAN JULIAN,ok,6.699348449707031,10.222262382507324,4.451042175292969,6.811091423034668,,,F4,SAN_JULIAN,gat_informer,GAT-Informer
SAN MIGUEL,ok,3.819448471069336,5.708279609680176,2.791292667388916,4.025064945220947,,,F4,SAN_MIGUEL,gat_informer,GAT-Informer
SANGRONIZ,ok,6.773473262786865,10.201355934143066,4.276235580444336,6.2363739013671875,,,F4,SANGRONIZ,gat_informer,GAT-Informer
SANTURCE,ok,5.250670909881592,8.18302059173584,3.3155386447906494,4.9587273597717285,,,F4,SANTURCE,gat_informer,GAT-Informer
ZIERBENA (Puerto),ok,8.49423885345459,13.961822509765625,5.2492194175720215,7.723820209503174,,,F4,ZIERBENA_PUERTO,gat_informer,GAT-Informer
ABANTO,ok,4.732323169708252,7.442006587982178,3.3151936531066895,4.7669901847839355,,,F5,ABANTO,gat_informer,GAT-Informer
ALGORTA (BBIZI2),ok,8.678791999816895,13.117048263549805,5.5811052322387695,8.281682968139648,,,F5,ALGORTA_BBIZI2,gat_informer,GAT-Informer
ALONSOTEGI,ok,5.8508429527282715,9.075045585632324,3.7773661613464355,5.826882362365723,,,F5,ALONSOTEGI,gat_informer,GAT-Informer
ARRAIZ (Monte),ok,5.185732841491699,8.223928451538086,3.9823648929595947,5.997479438781738,,,F5,ARRAIZ_MONTE,gat_informer,GAT-Informer
BARAKALDO,ok,6.566886901855469,10.292277336120605,4.551414966583252,6.828752517700195,,,F5,BARAKALDO,gat_informer,GAT-Informer
BASAURI,ok,6.944809913635254,11.393575668334961,4.901917457580566,7.232260704040527,,,F5,BASAURI,gat_informer,GAT-Informer
CASTREJANA,ok,7.367220401763916,10.799477577209473,4.563568115234375,6.354602336883545,,,F5,CASTREJANA,gat_informer,GAT-Informer
ERANDIO,ok,6.386321067810059,10.096822738647461,4.541696071624756,6.561714172363281,,,F5,ERANDIO,gat_informer,GAT-Informer
EUROPA,ok,5.949258804321289,9.525426864624023,4.251694202423096,6.3641557693481445,,,F5,EUROPA,gat_informer,GAT-Informer
LAS CARRERAS,ok,5.974925518035889,9.121491432189941,4.182686805725098,5.82705545425415,,,F5,LAS_CARRERAS,gat_informer,GAT-Informer
MAZARREDO,ok,5.359334945678711,8.614830017089844,3.942349672317505,5.968750476837158,,,F5,MAZARREDO,gat_informer,GAT-Informer
MUSKIZ,ok,4.3980278968811035,8.099754333496094,3.3827922344207764,5.679777145385742,,,F5,MUSKIZ,gat_informer,GAT-Informer
Mª DIAZ HARO,ok,5.618156433105469,8.97058391571045,4.023633003234863,5.997890472412109,,,F5,M_DIAZ_HARO,gat_informer,GAT-Informer
SAN JULIAN,ok,6.552801132202148,10.138607025146484,4.427417755126953,6.691011905670166,,,F5,SAN_JULIAN,gat_informer,GAT-Informer
SAN MIGUEL,ok,3.782243251800537,5.636230945587158,2.7897045612335205,3.9307034015655518,,,F5,SAN_MIGUEL,gat_informer,GAT-Informer
SANGRONIZ,ok,6.465787410736084,10.090624809265137,4.136317729949951,6.0622944831848145,,,F5,SANGRONIZ,gat_informer,GAT-Informer
SANTURCE,ok,5.167079448699951,8.202067375183105,3.423013210296631,5.001224040985107,,,F5,SANTURCE,gat_informer,GAT-Informer
ZIERBENA (Puerto),ok,8.176573753356934,13.986342430114746,5.218771934509277,7.759023189544678,,,F5,ZIERBENA_PUERTO,gat_informer,GAT-Informer
SAN_MIGUEL,ok,4.028727597341509,5.705051102119081,2.982289842001677,3.963516483376312,,,F1,SAN_MIGUEL,xgboost,XGBoost
ABANTO,ok,4.68373595460594,6.852365428603317,3.024340583526639,4.0332577798109766,,,F5,ABANTO,xgboost,XGBoost
ABANTO,ok,4.698772066874697,6.872088046612442,3.050040179068083,4.083447205254708,,,F5I,ABANTO,xgboost,XGBoost
SAN_MIGUEL,ok,4.365960230307183,5.825961940930737,3.246766954842538,4.084516519440684,,,F2,SAN_MIGUEL,xgboost,XGBoost
ABANTO,ok,4.755017392409075,6.906292363692378,3.0950329980285027,4.116769732026413,,,F3IL,ABANTO,xgboost,XGBoost
ABANTO,ok,4.767113414981667,6.9605210918797225,3.0935640951235097,4.130269877837531,,,F3I,ABANTO,xgboost,XGBoost
MUSKIZ,ok,4.191689536225455,6.860463406911944,2.915358594295104,4.186927917997433,,,F3I,MUSKIZ,xgboost,XGBoost
MUSKIZ,ok,4.193658031562019,6.872425490010009,2.9300258924217317,4.192920514986019,,,F5I,MUSKIZ,xgboost,XGBoost
MUSKIZ,ok,4.199990213880788,6.888861231405827,2.933380517780687,4.210409216500717,,,F5,MUSKIZ,xgboost,XGBoost
ABANTO,ok,4.716420433319083,7.003352726771309,3.0959743546652976,4.26045365638083,,,F4,ABANTO,xgboost,XGBoost
ABANTO,ok,4.7490214605981,7.016147599716246,3.122955395955084,4.265041254071256,,,F3,ABANTO,xgboost,XGBoost
MUSKIZ,ok,4.235043222630647,6.910320096490288,2.990365434484449,4.271525021361224,,,F3IL,MUSKIZ,xgboost,XGBoost
ABANTO,ok,4.830851545579241,7.096192526212329,3.206630979902528,4.373810561578138,,,F3S,ABANTO,xgboost,XGBoost
ABANTO,ok,4.894263819674222,7.154178394598688,3.3280099319129275,4.486373433089285,,,F2,ABANTO,xgboost,XGBoost
ALONSOTEGI,ok,5.492164203409319,7.980579913304977,3.3097483176330984,4.555855923192653,,,F5,ALONSOTEGI,xgboost,XGBoost
ALONSOTEGI,ok,5.493301955910312,7.975533341119943,3.317656027191477,4.563606104258389,,,F5I,ALONSOTEGI,xgboost,XGBoost
ALONSOTEGI,ok,5.61473539526831,8.031973886298088,3.3892681564119087,4.580302365605076,,,F3I,ALONSOTEGI,xgboost,XGBoost
ALONSOTEGI,ok,5.623245478726383,8.057351592402513,3.403523975631641,4.615072406880944,,,F3IL,ALONSOTEGI,xgboost,XGBoost
ABANTO,ok,4.937287981124526,7.354505863833694,3.327442794928831,4.675890532051313,,,F1,ABANTO,xgboost,XGBoost
MAZARREDO,ok,4.92653248047959,7.40821079772027,3.382282668308919,4.73086669009183,,,F5,MAZARREDO,xgboost,XGBoost
MAZARREDO,ok,4.939960108143003,7.463626047037597,3.42893505256524,4.793385906102864,,,F5I,MAZARREDO,xgboost,XGBoost
SAN_MIGUEL,ok,4.870619275007958,6.539732524794774,3.7239904134978943,4.852587015600994,,,F3,SAN_MIGUEL,xgboost,XGBoost
SAN_MIGUEL,ok,4.870619275007958,6.539732524794774,3.7239904134978943,4.852587015600994,,,F4,SAN_MIGUEL,xgboost,XGBoost
MUSKIZ,ok,4.284559466440029,7.33810020208024,3.091978798771845,4.87571137183714,,,F3S,MUSKIZ,xgboost,XGBoost
MUSKIZ,ok,4.31015020070158,7.404927597247993,3.119141800687004,4.922108262744327,,,F3,MUSKIZ,xgboost,XGBoost
SAN_MIGUEL,ok,4.933387014577372,6.6152468715215775,3.775010309600043,4.932208876328792,,,F3S,SAN_MIGUEL,xgboost,XGBoost
MUSKIZ,ok,4.33928047140959,7.4058832831656,3.172400604229398,4.958584112935774,,,F4,MUSKIZ,xgboost,XGBoost
MAZARREDO,ok,5.02522935961429,7.627065655709111,3.539090575176996,4.976566520918782,,,F3I,MAZARREDO,xgboost,XGBoost
SAN_MIGUEL,ok,4.8499341850152575,6.697190281111164,3.67198216753459,5.016779383098585,,,F3IL,SAN_MIGUEL,xgboost,XGBoost
SAN_MIGUEL,ok,4.8499341850152575,6.697190281111164,3.67198216753459,5.016779383098585,,,F5,SAN_MIGUEL,xgboost,XGBoost
SANGRONIZ,ok,6.172082946942749,9.028339561629124,3.75455591797705,5.067721404894223,,,F5I,SANGRONIZ,xgboost,XGBoost
LAS_CARRERAS,ok,5.877863279872417,8.80044394734969,3.7971130842331298,5.071288589516387,,,F5I,LAS_CARRERAS,xgboost,XGBoost
LAS_CARRERAS,ok,5.839037073443285,8.75531377200971,3.784476482523184,5.088581142069449,,,F5,LAS_CARRERAS,xgboost,XGBoost
SANGRONIZ,ok,6.206220680258378,9.06795844294576,3.780106406222999,5.09178860610142,,,F5,SANGRONIZ,xgboost,XGBoost
ALONSOTEGI,ok,5.587329701280386,8.350714710844871,3.485344023868941,5.120725733549279,,,F4,ALONSOTEGI,xgboost,XGBoost
EUROPA,ok,5.542667430310361,8.389711610453087,3.693594368027505,5.140655759769613,,,F5I,EUROPA,xgboost,XGBoost
MUSKIZ,ok,4.376765104746152,7.567271319855792,3.198670174401036,5.141839220880799,,,F2,MUSKIZ,xgboost,XGBoost
LAS_CARRERAS,ok,5.955412285487073,8.826565401644661,3.8646592845285848,5.148816960642691,,,F3I,LAS_CARRERAS,xgboost,XGBoost
ALONSOTEGI,ok,5.615085595468179,8.417556804529895,3.504982026260689,5.174446169213194,,,F3S,ALONSOTEGI,xgboost,XGBoost
SANGRONIZ,ok,6.259464416449936,9.114155844248732,3.83536618950471,5.179906056167524,,,F3I,SANGRONIZ,xgboost,XGBoost
SANGRONIZ,ok,6.267030811910667,9.123454227149091,3.840644386185831,5.180172901253023,,,F3IL,SANGRONIZ,xgboost,XGBoost
CASTREJANA,ok,6.67512508836078,9.480818010952945,3.8332541498615327,5.189734140338372,,,F5I,CASTREJANA,xgboost,XGBoost
LAS_CARRERAS,ok,5.949592463607042,8.92543165266783,3.846449565045387,5.194278770024123,,,F3IL,LAS_CARRERAS,xgboost,XGBoost
MAZARREDO,ok,4.938202864561397,7.720197999772191,3.5086923728210317,5.195271452221865,,,F4,MAZARREDO,xgboost,XGBoost
EUROPA,ok,5.599320826897349,8.461543157227556,3.750095530150128,5.221739530106632,,,F5,EUROPA,xgboost,XGBoost
MAZARREDO,ok,5.315023614712683,7.933987741578938,3.740342400527831,5.233973570147315,,,F3IL,MAZARREDO,xgboost,XGBoost
SAN_MIGUEL,ok,4.928062678394723,6.87906294220472,3.752036320312451,5.242606836387786,,,F5I,SAN_MIGUEL,xgboost,XGBoost
SAN_MIGUEL,ok,4.928062678394723,6.87906294220472,3.752036320312451,5.242606836387786,,,F3I,SAN_MIGUEL,xgboost,XGBoost
MAZARREDO,ok,5.164334190600357,7.858258855590145,3.684823871208528,5.281440628962329,,,F3S,MAZARREDO,xgboost,XGBoost
ALONSOTEGI,ok,5.710827808748183,8.481971341412125,3.603468023607146,5.295665418735857,,,F3,ALONSOTEGI,xgboost,XGBoost
EUROPA,ok,5.67976789050041,8.466459125337913,3.8506689965298193,5.296196295684047,,,F3I,EUROPA,xgboost,XGBoost
EUROPA,ok,5.669627171843304,8.467263717359256,3.837802560204681,5.300047328913895,,,F3IL,EUROPA,xgboost,XGBoost
MAZARREDO,ok,4.999022930945702,7.8147318640477135,3.5967328758680472,5.312989252216753,,,F3,MAZARREDO,xgboost,XGBoost
MUSKIZ,ok,4.41447007834085,7.748050032873801,3.2691029744081352,5.377111340068075,,,F1,MUSKIZ,xgboost,XGBoost
MAZARREDO,ok,5.24332130648321,7.970055952487296,3.718790608555537,5.379949202904201,,,F1,MAZARREDO,xgboost,XGBoost
Mª_DIAZ_HARO,ok,5.496857936268774,8.314461773114349,3.90725358560022,5.394181168214338,,,F5I,M_DIAZ_HARO,xgboost,XGBoost
CASTREJANA,ok,6.771081704462167,9.645743039687186,3.951868635419923,5.394683797068241,,,F5,CASTREJANA,xgboost,XGBoost
SANTURCE,ok,6.069818719005895,8.262155093890678,4.161598649112772,5.408109171047186,,,F2,SANTURCE,xgboost,XGBoost
LAS_CARRERAS,ok,6.010109820829917,9.034579139181153,3.991981269052727,5.439176908002078,,,F3S,LAS_CARRERAS,xgboost,XGBoost
LAS_CARRERAS,ok,5.9064871699736194,8.91224941443469,3.941548876215116,5.441733349744871,,,F3,LAS_CARRERAS,xgboost,XGBoost
MAZARREDO,ok,5.168067570699868,8.013922076679378,3.7178593807882536,5.449700814095174,,,F2,MAZARREDO,xgboost,XGBoost
LAS_CARRERAS,ok,5.961996603514301,9.04015538546137,3.9766162249018655,5.491007722076019,,,F4,LAS_CARRERAS,xgboost,XGBoost
CASTREJANA,ok,6.862943843036955,9.720346272728245,4.04832500861858,5.510955980397382,,,F3IL,CASTREJANA,xgboost,XGBoost
EUROPA,ok,5.670768682138667,8.692183345325645,3.8473015295343753,5.512674604585934,,,F4,EUROPA,xgboost,XGBoost
CASTREJANA,ok,6.814933948201987,9.688655793489731,4.008087074943338,5.5141958347768325,,,F3I,CASTREJANA,xgboost,XGBoost
Mª_DIAZ_HARO,ok,5.590423864015518,8.470740083305019,3.953676915447075,5.514937930878717,,,F5,M_DIAZ_HARO,xgboost,XGBoost
LAS_CARRERAS,ok,6.027278670305729,8.920419905366353,4.054724770820306,5.5156137418105695,,,F1,LAS_CARRERAS,xgboost,XGBoost
ARRAIZ_Monte,ok,5.376367937301235,8.03271787194766,3.978369018719036,5.5463538035220425,,,F5I,ARRAIZ_MONTE,xgboost,XGBoost
ARRAIZ_Monte,ok,5.433441258651558,8.09955108638105,4.016606840233509,5.567955208252537,,,F5,ARRAIZ_MONTE,xgboost,XGBoost
EUROPA,ok,5.670681757864007,8.656183936242345,3.928027262324189,5.568581192229694,,,F3,EUROPA,xgboost,XGBoost
EUROPA,ok,5.714212886420337,8.664632642135818,3.947704686056785,5.6221966404324615,,,F3S,EUROPA,xgboost,XGBoost
LAS_CARRERAS,ok,5.999891293554097,8.992129253336993,4.074432604089874,5.633421771419464,,,F2,LAS_CARRERAS,xgboost,XGBoost
Mª_DIAZ_HARO,ok,5.488905264991755,8.381554775015259,3.932880218348288,5.636391125488357,,,F1,M_DIAZ_HARO,xgboost,XGBoost
ALONSOTEGI,ok,5.851228759078349,8.740963335596627,3.813057870367878,5.652130675964239,,,F2,ALONSOTEGI,xgboost,XGBoost
ALONSOTEGI,ok,5.85595307480486,8.769668264062428,3.8010250870061033,5.652698299642022,,,F1,ALONSOTEGI,xgboost,XGBoost
SANTURCE,ok,6.319678686961776,8.362999355288602,4.3557968246770535,5.655287953688389,,,F5I,SANTURCE,xgboost,XGBoost
CASTREJANA,ok,6.835961375547531,9.761576905984844,4.1018373362758025,5.670424287934073,,,F3,CASTREJANA,xgboost,XGBoost
SANTURCE,ok,6.347895864260087,8.466972853855319,4.390206797930607,5.672855820012369,,,F3IL,SANTURCE,xgboost,XGBoost
CASTREJANA,ok,6.809290182627412,9.770288873198115,4.068693033717318,5.680429963573726,,,F3S,CASTREJANA,xgboost,XGBoost
ARRAIZ_Monte,ok,5.605094757078176,8.223712449193844,4.192651347303111,5.708534575178795,,,F3IL,ARRAIZ_MONTE,xgboost,XGBoost
Mª_DIAZ_HARO,ok,5.414754348134406,8.435537164767176,3.9109988800979623,5.717196037375699,,,F2,M_DIAZ_HARO,xgboost,XGBoost
CASTREJANA,ok,6.861707516767146,9.810684082129836,4.095921047743721,5.720635280938315,,,F4,CASTREJANA,xgboost,XGBoost
SANTURCE,ok,6.344877305345314,8.491734651660671,4.390579184322964,5.736746711493628,,,F5,SANTURCE,xgboost,XGBoost
M┬к_DIAZ_HARO,ok,5.4756187777279735,8.502199174859888,3.998658450202834,5.77022872240444,,,F4,M_DIAZ_HARO,xgboost,XGBoost
SANGRONIZ,ok,6.456921454741966,9.546814408065854,4.092166710967646,5.787508300832386,,,F3S,SANGRONIZ,xgboost,XGBoost
SANGRONIZ,ok,6.490060202482608,9.554000735067753,4.165862403049879,5.802887337452448,,,F2,SANGRONIZ,xgboost,XGBoost
M┬к_DIAZ_HARO,ok,5.6491822216269965,8.541824213458458,4.118430361835061,5.810769542661858,,,F3,M_DIAZ_HARO,xgboost,XGBoost
CASTREJANA,ok,6.871511603876645,9.887877106663566,4.176284565457276,5.8340015445425175,,,F2,CASTREJANA,xgboost,XGBoost
SANGRONIZ,ok,6.452494504614531,9.637568375612284,4.101403034122608,5.859767823096376,,,F1,SANGRONIZ,xgboost,XGBoost
SANTURCE,ok,6.500379171878388,8.709392272900855,4.534702204772515,5.873729703991452,,,F3I,SANTURCE,xgboost,XGBoost
ERANDIO,ok,6.5955097211077245,9.431970819413513,4.3793623446216685,5.8860458568686775,,,F5I,ERANDIO,xgboost,XGBoost
ARRAIZ_Monte,ok,5.3845236404872265,8.271038023421685,4.068419512307965,5.886841619991692,,,F4,ARRAIZ_MONTE,xgboost,XGBoost
EUROPA,ok,5.86210937666294,8.891414665561632,4.130284258294156,5.893859532771108,,,F2,EUROPA,xgboost,XGBoost
BARAKALDO,ok,6.613622731075422,9.925120203223583,4.230648218072339,5.918471730853358,,,F5,BARAKALDO,xgboost,XGBoost
SANGRONIZ,ok,6.549301024168702,9.631835830702164,4.261595310546644,5.921857394868242,,,F3,SANGRONIZ,xgboost,XGBoost
Mª_DIAZ_HARO,ok,5.751264777031132,8.659928975854587,4.214084871513285,5.939778089283212,,,F3S,M_DIAZ_HARO,xgboost,XGBoost
BARAKALDO,ok,6.609833262216128,9.908017124474464,4.249773640890139,5.950116973417157,,,F5I,BARAKALDO,xgboost,XGBoost
BARAKALDO,ok,6.614086732717222,9.918554412767318,4.2608416701920175,5.95036052695789,,,F3I,BARAKALDO,xgboost,XGBoost
CASTREJANA,ok,6.858885029645816,9.972955182812296,4.200747352774076,5.95771243442486,,,F1,CASTREJANA,xgboost,XGBoost
BARAKALDO,ok,6.585811074512133,9.881468257092122,4.256099708866197,5.962882618354457,,,F3IL,BARAKALDO,xgboost,XGBoost
SANTURCE,ok,6.489086694082925,8.769982953386883,4.564737915013797,5.980571138014232,,,F4,SANTURCE,xgboost,XGBoost
ARRAIZ_Monte,ok,5.967412218001852,8.452925906947488,4.589147820380232,5.99124808381158,,,F3I,ARRAIZ_MONTE,xgboost,XGBoost
ARRAIZ_Monte,ok,5.340348464850403,8.363230564812255,4.0375250095175215,5.99661287006607,,,F2,ARRAIZ_MONTE,xgboost,XGBoost
ERANDIO,ok,6.619162701526485,9.572394684225335,4.431985915792592,6.022702001599405,,,F3,ERANDIO,xgboost,XGBoost
ERANDIO,ok,6.673578984845552,9.575566593382032,4.411168727865842,6.030497406223346,,,F3IL,ERANDIO,xgboost,XGBoost
ERANDIO,ok,6.668640494497706,9.549006906655324,4.4167938411104,6.03579852564548,,,F3I,ERANDIO,xgboost,XGBoost
ARRAIZ_Monte,ok,5.47526753571386,8.460159781235856,4.160044076601218,6.056952783812229,,,F1,ARRAIZ_MONTE,xgboost,XGBoost
BASAURI,ok,6.838389876867427,10.551699811081336,4.496298370623914,6.06114074479315,,,F3IL,BASAURI,xgboost,XGBoost
Mª_DIAZ_HARO,ok,5.950909493882565,8.857524554121635,4.335343497041087,6.062345270417921,,,F3IL,M_DIAZ_HARO,xgboost,XGBoost
SANTURCE,ok,6.570521860234443,8.836167483391884,4.670420327280183,6.073735206378674,,,F3,SANTURCE,xgboost,XGBoost
SANGRONIZ,ok,6.664349567882389,9.811677352937997,4.395295539656164,6.087018802360239,,,F4,SANGRONIZ,xgboost,XGBoost
BASAURI,ok,6.870346429616179,10.569316572493417,4.512823957820198,6.091180870374594,,,F3I,BASAURI,xgboost,XGBoost
ERANDIO,ok,6.553293760008383,9.603979160615282,4.405516719942392,6.098157954150158,,,F2,ERANDIO,xgboost,XGBoost
Mª_DIAZ_HARO,ok,6.011661793801381,8.919295918012885,4.393511987106256,6.1000902603688205,,,F3I,M_DIAZ_HARO,xgboost,XGBoost
ERANDIO,ok,6.64354165242265,9.605193770625192,4.452839373568911,6.104090663503093,,,F4,ERANDIO,xgboost,XGBoost
SAN_JULIAN,ok,6.630713912014829,9.90465244212466,4.313264607230789,6.106884379766055,,,F5I,SAN_JULIAN,xgboost,XGBoost
SAN_JULIAN,ok,6.635076537478242,9.90795060337307,4.309618276214742,6.109738865741225,,,F5,SAN_JULIAN,xgboost,XGBoost
ERANDIO,ok,6.764788276927833,9.638579140488126,4.537340213723299,6.1523772014560985,,,F5,ERANDIO,xgboost,XGBoost
ZIERBENA_Puerto,ok,7.955780257472524,12.665906679164836,4.521083425981038,6.183497732135037,,,F5,ZIERBENA_PUERTO,xgboost,XGBoost
BARAKALDO,ok,6.60387198393662,10.057287810658378,4.280838996047535,6.194319483506846,,,F3S,BARAKALDO,xgboost,XGBoost
ERANDIO,ok,6.707925218689667,9.715499781998888,4.478375856654073,6.203610346506062,,,F3S,ERANDIO,xgboost,XGBoost
ZIERBENA_Puerto,ok,8.025257908421542,12.756083684209884,4.559417904255235,6.21448044840377,,,F3I,ZIERBENA_PUERTO,xgboost,XGBoost
EUROPA,ok,5.990806666832922,9.249063936083234,4.232418070055694,6.214999633913,,,F1,EUROPA,xgboost,XGBoost
SAN_JULIAN,ok,6.716294707561594,10.017228255662742,4.386168825867007,6.233160564493937,,,F3I,SAN_JULIAN,xgboost,XGBoost
ZIERBENA_Puerto,ok,8.03345336700235,12.710612110595813,4.587444682465715,6.238516841277217,,,F5I,ZIERBENA_PUERTO,xgboost,XGBoost
BARAKALDO,ok,6.677446059149817,10.152294895721454,4.337371923812882,6.24809708002739,,,F4,BARAKALDO,xgboost,XGBoost
SAN_JULIAN,ok,6.727254807847053,10.030339293415922,4.394398587422398,6.25144223970324,,,F3IL,SAN_JULIAN,xgboost,XGBoost
BARAKALDO,ok,6.676642302429149,10.165096939558566,4.340247579765361,6.257808293350444,,,F3,BARAKALDO,xgboost,XGBoost
BASAURI,ok,7.031761862650477,10.742941819030928,4.65583109599172,6.262143182253096,,,F5I,BASAURI,xgboost,XGBoost
ERANDIO,ok,6.614835453199901,9.769938169216145,4.49689209376786,6.2755600267691305,,,F1,ERANDIO,xgboost,XGBoost
ARRAIZ_Monte,ok,6.115317089534175,8.800239330737307,4.729300808133858,6.314857089295097,,,F3,ARRAIZ_MONTE,xgboost,XGBoost
ZIERBENA_Puerto,ok,8.067924666691171,12.837224489255014,4.614971708476759,6.32001441993742,,,F3IL,ZIERBENA_PUERTO,xgboost,XGBoost
BASAURI,ok,6.856279083934319,10.74164494261128,4.58592720476083,6.332968621532053,,,F3,BASAURI,xgboost,XGBoost
BASAURI,ok,7.116380541805633,10.854863152526972,4.697647609606208,6.340646413333325,,,F5,BASAURI,xgboost,XGBoost
SANTURCE,ok,6.775424472123611,9.05424517983463,4.883269485309111,6.350461481751003,,,F3S,SANTURCE,xgboost,XGBoost
SAN_JULIAN,ok,6.705932368639164,10.082102080133756,4.479548844908061,6.366203723348482,,,F2,SAN_JULIAN,xgboost,XGBoost
BASAURI,ok,6.914724096473561,10.79849212149804,4.602837557546314,6.397487419708871,,,F3S,BASAURI,xgboost,XGBoost
SANTURCE,ok,6.724010027273285,9.10848225823228,4.730509732178279,6.416652959466794,,,F1,SANTURCE,xgboost,XGBoost
SAN_JULIAN,ok,6.69093797873619,10.17349969008757,4.407300156421777,6.422407808268894,,,F3S,SAN_JULIAN,xgboost,XGBoost
BARAKALDO,ok,6.691986519639241,10.237241944075452,4.442477434884148,6.429716697594164,,,F2,BARAKALDO,xgboost,XGBoost
ARRAIZ_Monte,ok,6.246127919711563,8.900067949273406,4.899444469032916,6.478533311152877,,,F3S,ARRAIZ_MONTE,xgboost,XGBoost
SAN_JULIAN,ok,6.706041291617214,10.219904696761011,4.429716013070645,6.4811154594554665,,,F4,SAN_JULIAN,xgboost,XGBoost
SAN_JULIAN,ok,6.8092492426592655,10.196488751496725,4.55452029490534,6.494282646962618,,,F1,SAN_JULIAN,xgboost,XGBoost
BASAURI,ok,6.991923583234756,10.89946288197729,4.708912838300244,6.524572558129724,,,F4,BASAURI,xgboost,XGBoost
SAN_JULIAN,ok,6.781548831459416,10.30570102963136,4.513922682192119,6.584825853587075,,,F3,SAN_JULIAN,xgboost,XGBoost
BARAKALDO,ok,6.877574814284551,10.45760140256489,4.578509274898903,6.600079887481412,,,F1,BARAKALDO,xgboost,XGBoost
ZIERBENA_Puerto,ok,8.088323464198742,12.960488503060366,4.704273072942134,6.628124188589473,,,F3S,ZIERBENA_PUERTO,xgboost,XGBoost
ZIERBENA_Puerto,ok,8.165355853266695,12.992069098705544,4.828942969805713,6.754756463365501,,,F4,ZIERBENA_PUERTO,xgboost,XGBoost
BASAURI,ok,6.945957746644453,11.0428606657342,4.735087110785049,6.777925056944893,,,F2,BASAURI,xgboost,XGBoost
ZIERBENA_Puerto,ok,8.168222848798564,13.088161046372491,4.801123703392715,6.777942193494438,,,F3,ZIERBENA_PUERTO,xgboost,XGBoost
BASAURI,ok,7.118155926246374,11.217602975815185,4.918755695165458,6.94108614724628,,,F1,BASAURI,xgboost,XGBoost
ALGORTA_BBIZI2,ok,8.593568756533859,12.459257342590384,5.255262539985539,7.051697969425246,,,F3I,ALGORTA_BBIZI2,xgboost,XGBoost
ZIERBENA_Puerto,ok,8.230066555631932,13.260921639530736,4.966071558377012,7.093853584932959,,,F2,ZIERBENA_PUERTO,xgboost,XGBoost
ZIERBENA_Puerto,ok,8.313409455077107,13.297307344871614,5.049225825866323,7.124026363113031,,,F1,ZIERBENA_PUERTO,xgboost,XGBoost
ALGORTA_BBIZI2,ok,8.58627146759721,12.54598671433207,5.273752580216569,7.19006691973135,,,F3IL,ALGORTA_BBIZI2,xgboost,XGBoost
ALGORTA_BBIZI2,ok,8.673253779156969,12.553630680754525,5.33003284913676,7.19185751551966,,,F5,ALGORTA_BBIZI2,xgboost,XGBoost
ALGORTA_BBIZI2,ok,8.649656373032414,12.538791436886076,5.324871151444261,7.204174976679284,,,F5I,ALGORTA_BBIZI2,xgboost,XGBoost
ALGORTA_BBIZI2,ok,8.514668186298074,12.559510985531409,5.238433014256736,7.276243418955482,,,F3S,ALGORTA_BBIZI2,xgboost,XGBoost
ALGORTA_BBIZI2,ok,8.668657884508905,12.635093462895783,5.355042465624956,7.311615677514348,,,F3,ALGORTA_BBIZI2,xgboost,XGBoost
ALGORTA_BBIZI2,ok,8.628369713506377,12.617951985519232,5.337797613710645,7.336798934643582,,,F4,ALGORTA_BBIZI2,xgboost,XGBoost
ALGORTA_BBIZI2,ok,8.685728817664685,12.799213874461495,5.367578701219927,7.38637197204252,,,F1,ALGORTA_BBIZI2,xgboost,XGBoost
ALGORTA_BBIZI2,ok,8.633464531899905,12.720829916187148,5.43119170178403,7.414893155915242,,,F2,ALGORTA_BBIZI2,xgboost,XGBoost
ABANTO,ok,5.612547763035171,8.947833910202425,4.371235370219936,6.825753064876337,,,baseline,ABANTO,persistence_last,Persistence (last)
ABANTO,ok,5.2931804164034055,7.96207338687392,3.796913078797725,5.470080971618814,,,baseline,ABANTO,persistence_ma24,Persistence (MA24)
ALGORTA_BBIZI2,ok,10.59284914001938,16.46519748799869,8.130185622577521,12.441724573635211,,,baseline,ALGORTA_BBIZI2,persistence_last,Persistence (last)
ALGORTA_BBIZI2,ok,9.65105586088905,14.38465102028273,6.529542908187985,9.519031832214916,,,baseline,ALGORTA_BBIZI2,persistence_ma24,Persistence (MA24)
ALONSOTEGI,ok,7.193313640419706,11.114215465285069,5.601049263054247,8.507118580673323,,,baseline,ALONSOTEGI,persistence_last,Persistence (last)
ALONSOTEGI,ok,6.560958285895976,9.999247320310031,4.468083633342564,6.987862914338178,,,baseline,ALONSOTEGI,persistence_ma24,Persistence (MA24)
ARRAIZ_MONTE,ok,5.85895752196359,9.922061022338792,4.746173353862875,7.76795383345235,,,baseline,ARRAIZ_MONTE,persistence_last,Persistence (last)
ARRAIZ_MONTE,ok,6.28392846360535,9.80208316840448,5.003577574495064,7.614108369858599,,,baseline,ARRAIZ_MONTE,persistence_ma24,Persistence (MA24)
BARAKALDO,ok,8.19316354301973,12.835660293558956,6.332652934991032,9.80144831409287,,,baseline,BARAKALDO,persistence_last,Persistence (last)
BARAKALDO,ok,7.652977515927506,11.60799452876799,5.505609420424322,8.127714984058903,,,baseline,BARAKALDO,persistence_ma24,Persistence (MA24)
BASAURI,ok,8.429685813831592,14.109942006149076,6.624757191749144,10.73670849565888,,,baseline,BASAURI,persistence_last,Persistence (last)
BASAURI,ok,7.98777094317516,12.566652327773696,5.859679955600777,8.608553689848453,,,baseline,BASAURI,persistence_ma24,Persistence (MA24)
CASTREJANA,ok,8.073854318513119,12.611921350910997,6.432234724246842,9.501032591335411,,,baseline,CASTREJANA,persistence_last,Persistence (last)
CASTREJANA,ok,7.443956005021056,10.753789674029605,4.745763483965015,6.844928961889872,,,baseline,CASTREJANA,persistence_ma24,Persistence (MA24)
ERANDIO,ok,7.589482354003069,12.042249658808869,5.929878599151548,9.196389849176454,,,baseline,ERANDIO,persistence_last,Persistence (last)
ERANDIO,ok,7.254531220226454,10.895337910287054,5.258962150615279,7.633229827032049,,,baseline,ERANDIO,persistence_ma24,Persistence (MA24)
EUROPA,ok,6.910219110828257,11.118958889213069,5.455791435585053,8.565409103161661,,,baseline,EUROPA,persistence_last,Persistence (last)
EUROPA,ok,6.783399816649999,10.36088357062969,5.081480892202322,7.555322275631831,,,baseline,EUROPA,persistence_ma24,Persistence (MA24)
LAS_CARRERAS,ok,7.05909056660639,11.073627671504616,5.480210216998191,8.468136989710423,,,baseline,LAS_CARRERAS,persistence_last,Persistence (last)
LAS_CARRERAS,ok,6.812920685151698,10.012546418160506,5.032594936708861,7.023902052649079,,,baseline,LAS_CARRERAS,persistence_ma24,Persistence (MA24)
MAZARREDO,ok,5.952274573517466,9.637713377681685,4.685087402593496,7.448558974998025,,,baseline,MAZARREDO,persistence_last,Persistence (last)
MAZARREDO,ok,5.902390408279929,9.086606243664308,4.455031290429341,6.720262247939311,,,baseline,MAZARREDO,persistence_ma24,Persistence (MA24)
MUSKIZ,ok,4.801107125559995,9.128058727832428,3.867928169269888,7.11699897016819,,,baseline,MUSKIZ,persistence_last,Persistence (last)
MUSKIZ,ok,4.923978450276466,8.67129756843295,3.879502663760746,6.520860351435884,,,baseline,MUSKIZ,persistence_ma24,Persistence (MA24)
M_DIAZ_HARO,ok,6.010460266909312,10.11605633854949,4.746333788292387,7.815221126554947,,,baseline,M_DIAZ_HARO,persistence_last,Persistence (last)
M_DIAZ_HARO,ok,6.0323662294004645,9.463908070468694,4.61135881104034,6.950441811750238,,,baseline,M_DIAZ_HARO,persistence_ma24,Persistence (MA24)
SAN_JULIAN,ok,7.7723936218267236,12.40610153458918,5.981536272472671,9.498813265605545,,,baseline,SAN_JULIAN,persistence_last,Persistence (last)
SAN_JULIAN,ok,7.313467102819686,11.36773345804732,5.230342999969887,8.095768162535062,,,baseline,SAN_JULIAN,persistence_ma24,Persistence (MA24)
SAN_MIGUEL,ok,4.0847423880414135,6.667703083684751,3.2372725601911414,5.137543398033429,,,baseline,SAN_MIGUEL,persistence_last,Persistence (last)
SAN_MIGUEL,ok,3.974543844064612,6.224076234731541,2.9354629969981003,4.547000410187765,,,baseline,SAN_MIGUEL,persistence_ma24,Persistence (MA24)
SANGRONIZ,ok,7.639249932304359,12.128741894278273,5.871656587537985,9.217191645212386,,,baseline,SANGRONIZ,persistence_last,Persistence (last)
SANGRONIZ,ok,7.087289767427866,10.678042253597248,4.91635075367813,7.2021405329360455,,,baseline,SANGRONIZ,persistence_ma24,Persistence (MA24)
SANTURCE,ok,5.791263890143645,9.70374432672784,4.444100641431024,7.33439411675956,,,baseline,SANTURCE,persistence_last,Persistence (last)
SANTURCE,ok,5.246950630389175,8.422970859152175,3.486941759267624,5.529658325392379,,,baseline,SANTURCE,persistence_ma24,Persistence (MA24)
ZIERBENA_PUERTO,ok,10.114222666914868,17.22518243904334,7.775374627699181,12.916673941292515,,,baseline,ZIERBENA_PUERTO,persistence_last,Persistence (last)
ZIERBENA_PUERTO,ok,8.998269382911392,14.345009448134062,5.905478251427152,8.712798156412987,,,baseline,ZIERBENA_PUERTO,persistence_ma24,Persistence (MA24)
