date,pm10_daily,p40,sah_net,sah_net_clipped
2012-07-27,13.0,21.0,-8.0,0.0
2012-08-08,22.0,17.0,5.0,5.0
2012-08-09,19.0,16.400000000000002,2.599999999999998,2.599999999999998
2012-08-10,24.0,14.600000000000001,9.399999999999999,9.399999999999999
2012-08-11,25.0,13.600000000000001,11.399999999999999,11.399999999999999
2012-08-17,19.0,10.0,9.0,9.0
2012-08-18,20.0,10.0,10.0,10.0
2012-08-19,21.0,10.0,11.0,11.0
2012-08-20,16.0,10.0,6.0,6.0
2012-08-21,20.0,10.0,10.0,10.0
2012-08-22,12.0,10.0,2.0,2.0
2012-09-10,28.0,10.0,18.0,18.0
2012-09-11,23.0,10.0,13.0,13.0
2012-09-12,6.0,10.0,-4.0,0.0
2012-09-21,30.0,10.8,19.2,19.2
2012-09-22,21.0,10.4,10.6,10.6
2012-10-05,20.0,10.0,10.0,10.0
2012-10-06,21.0,10.200000000000001,10.799999999999999,10.799999999999999
2012-10-07,19.0,10.600000000000001,8.399999999999999,8.399999999999999
2012-10-18,14.0,10.600000000000001,3.3999999999999986,3.3999999999999986
2012-10-19,11.0,9.200000000000001,1.799999999999999,1.799999999999999
2012-11-14,20.0,10.0,10.0,10.0
2013-08-01,27.0,14.0,13.0,13.0
2013-08-02,25.0,14.0,11.0,11.0
2013-09-24,20.0,5.0,15.0,15.0
2013-09-25,26.0,5.0,21.0,21.0
2013-09-26,21.0,5.0,16.0,16.0
2013-09-27,17.0,5.0,12.0,12.0
2014-03-21,18.0,8.0,10.0,10.0
2014-04-11,17.0,5.800000000000001,11.2,11.2
2014-04-12,31.0,5.800000000000001,25.2,25.2
2014-04-13,22.0,5.0,17.0,17.0
2014-04-14,20.0,5.0,15.0,15.0
2014-04-15,27.0,5.0,22.0,22.0
2014-04-16,14.0,5.0,9.0,9.0
2014-04-17,8.0,5.0,3.0,3.0
2014-06-06,42.0,11.8,30.2,30.2
2014-06-11,16.0,12.8,3.1999999999999993,3.1999999999999993
2014-06-12,23.0,13.0,10.0,10.0
2014-06-13,19.0,13.0,6.0,6.0
2014-06-14,21.0,13.0,8.0,8.0
2014-06-20,18.0,12.0,6.0,6.0
2014-06-21,25.0,12.0,13.0,13.0
2014-07-17,36.0,10.0,26.0,26.0
2014-07-18,29.0,9.8,19.2,19.2
2014-10-19,0.0,4.800000000000001,-4.800000000000001,0.0
2014-10-20,0.0,4.800000000000001,-4.800000000000001,0.0
2014-10-21,0.0,4.800000000000001,-4.800000000000001,0.0
2014-10-24,26.0,4.800000000000001,21.2,21.2
2014-10-25,23.0,4.800000000000001,18.2,18.2
2014-10-26,23.0,4.800000000000001,18.2,18.2
2014-10-27,24.0,5.800000000000001,18.2,18.2
2014-10-28,26.0,6.800000000000001,19.2,19.2
2014-10-29,22.0,7.800000000000001,14.2,14.2
2014-10-30,27.0,8.0,19.0,19.0
2014-10-31,24.0,8.0,16.0,16.0
2014-11-01,27.0,8.0,19.0,19.0
2014-11-21,28.0,8.600000000000001,19.4,19.4
2014-11-22,31.0,8.0,23.0,23.0
2014-11-23,55.0,8.0,47.0,47.0
2014-11-24,26.0,8.0,18.0,18.0
2014-12-01,12.0,9.200000000000003,2.799999999999997,2.799999999999997
2014-12-27,18.0,8.0,10.0,10.0
2015-04-08,11.0,6.4,4.6,4.6
2015-04-09,10.0,7.0,3.0,3.0
2015-04-10,10.0,7.0,3.0,3.0
2015-04-11,12.0,7.0,5.0,5.0
2015-04-12,17.0,7.0,10.0,10.0
2015-04-13,28.0,7.4,20.6,20.6
2015-04-14,19.0,8.0,11.0,11.0
2015-04-15,19.0,7.4,11.6,11.6
2015-04-16,14.0,7.0,7.0,7.0
2015-04-17,14.0,7.0,7.0,7.0
2015-04-18,13.0,7.0,6.0,6.0
2015-04-21,11.0,7.0,4.0,4.0
2015-04-22,11.0,7.0,4.0,4.0
2015-05-11,17.0,10.4,6.6,6.6
2015-05-12,22.0,11.0,11.0,11.0
2015-05-13,20.0,11.0,9.0,9.0
2015-06-10,8.0,11.0,-3.0,0.0
2015-06-11,6.0,11.0,-5.0,0.0
2015-06-12,10.0,11.0,-1.0,0.0
2015-06-30,24.0,10.0,14.0,14.0
2015-07-01,22.0,10.0,12.0,12.0
2015-07-02,11.0,10.0,1.0,1.0
2015-07-03,19.0,10.0,9.0,9.0
2015-07-04,15.0,10.2,4.800000000000001,4.800000000000001
2015-07-05,8.0,11.0,-3.0,0.0
2015-07-06,17.0,11.0,6.0,6.0
2015-07-07,15.0,10.2,4.800000000000001,4.800000000000001
2015-07-16,24.0,10.0,14.0,14.0
2015-07-17,21.0,10.0,11.0,11.0
2015-07-18,19.0,10.0,9.0,9.0
2015-08-03,17.0,9.0,8.0,8.0
2015-08-10,9.0,9.0,0.0,0.0
2015-08-11,18.0,9.0,9.0,9.0
2015-08-12,23.0,9.200000000000001,13.799999999999999,13.799999999999999
2015-08-21,14.0,9.0,5.0,5.0
2015-08-22,10.0,9.0,1.0,1.0
2015-08-29,17.0,9.0,8.0,8.0
2015-08-30,19.0,9.0,10.0,10.0
2015-08-31,14.0,9.0,5.0,5.0
2015-11-18,15.0,7.0,8.0,8.0
2015-11-19,16.0,7.0,9.0,9.0
2015-11-20,18.0,7.0,11.0,11.0
2015-12-03,5.0,5.2,-0.20000000000000018,0.0
2015-12-04,4.0,5.2,-1.2000000000000002,0.0
2015-12-05,5.0,5.2,-0.20000000000000018,0.0
2015-12-06,8.0,4.2,3.8,3.8
2015-12-07,12.0,3.2,8.8,8.8
2015-12-15,16.0,1.0,15.0,15.0
2015-12-16,21.0,1.0,20.0,20.0
2015-12-17,17.0,1.0,16.0,16.0
2015-12-18,13.0,1.0,12.0,12.0
2015-12-19,16.0,1.0,15.0,15.0
2015-12-20,12.0,1.0,11.0,11.0
2015-12-28,6.0,4.0,2.0,2.0
2016-01-25,11.0,4.0,7.0,7.0
2016-01-26,7.0,4.0,3.0,3.0
2016-01-27,11.0,4.0,7.0,7.0
2016-02-21,16.0,1.8000000000000007,14.2,14.2
2016-02-22,84.0,1.8000000000000007,82.2,82.2
2016-05-05,11.0,6.0,5.0,5.0
2016-06-23,8.0,5.0,3.0,3.0
2016-06-24,2.0,5.0,-3.0,0.0
2016-07-04,9.0,6.0,3.0,3.0
2016-07-05,5.0,6.0,-1.0,0.0
2016-07-06,8.0,6.0,2.0,2.0
2016-07-07,11.0,7.0,4.0,4.0
2016-07-08,12.0,6.4,5.6,5.6
2016-07-09,11.0,6.0,5.0,5.0
2016-07-10,13.0,6.0,7.0,7.0
2016-08-27,18.0,7.400000000000002,10.599999999999998,10.599999999999998
2016-09-03,16.0,5.800000000000001,10.2,10.2
2016-09-04,22.0,5.800000000000001,16.2,16.2
2016-09-05,18.0,5.0,13.0,13.0
2016-09-06,6.0,5.0,1.0,1.0
2016-09-07,23.0,5.800000000000001,17.2,17.2
2016-09-13,1.0,6.0,-5.0,0.0
2016-10-04,16.0,8.0,8.0,8.0
2016-10-26,12.0,5.4,6.6,6.6
2016-10-27,6.0,5.4,0.5999999999999996,0.5999999999999996
2016-10-28,8.0,5.4,2.5999999999999996,2.5999999999999996
2016-10-29,9.0,5.0,4.0,4.0
2016-10-30,9.0,5.0,4.0,4.0
2016-11-02,8.0,5.0,3.0,3.0
2016-11-03,13.0,5.0,8.0,8.0
2016-11-04,15.0,5.0,10.0,10.0
2016-11-27,10.0,7.0,3.0,3.0
2016-11-28,9.0,7.0,2.0,2.0
2016-12-11,8.0,8.0,0.0,0.0
2016-12-12,6.0,8.0,-2.0,0.0
2016-12-13,6.0,8.0,-2.0,0.0
2017-01-03,11.0,4.0,7.0,7.0
2017-02-12,18.0,5.0,13.0,13.0
2017-02-23,38.0,7.0,31.0,31.0
2017-04-14,14.0,8.0,6.0,6.0
2017-04-15,8.0,8.0,0.0,0.0
2017-04-16,13.0,8.0,5.0,5.0
2017-04-17,20.0,8.0,12.0,12.0
2017-04-18,11.0,8.0,3.0,3.0
2017-04-24,10.0,8.0,2.0,2.0
2017-04-25,6.0,8.0,-2.0,0.0
2017-05-05,19.0,7.0,12.0,12.0
2017-05-22,12.0,7.0,5.0,5.0
2017-05-23,10.0,7.0,3.0,3.0
2017-05-24,11.0,7.0,4.0,4.0
2017-05-25,14.0,7.4,6.6,6.6
2017-05-26,15.0,8.0,7.0,7.0
2017-05-27,18.0,8.0,10.0,10.0
2017-05-28,15.0,8.0,7.0,7.0
2017-06-02,10.0,8.4,1.5999999999999996,1.5999999999999996
2017-06-11,8.0,8.0,0.0,0.0
2017-06-14,14.0,7.0,7.0,7.0
2017-06-15,7.0,6.4,0.5999999999999996,0.5999999999999996
2017-06-16,7.0,5.4,1.5999999999999996,1.5999999999999996
2017-06-17,7.0,5.800000000000001,1.1999999999999993,1.1999999999999993
2017-06-18,8.0,5.0,3.0,3.0
2017-06-19,13.0,5.800000000000001,7.199999999999999,7.199999999999999
2017-06-20,12.0,5.4,6.6,6.6
2017-06-21,15.0,5.0,10.0,10.0
2017-06-22,15.0,5.6000000000000005,9.399999999999999,9.399999999999999
2017-06-25,10.0,5.0,5.0,5.0
2017-06-26,6.0,5.2,0.7999999999999998,0.7999999999999998
2017-07-05,14.0,5.6000000000000005,8.399999999999999,8.399999999999999
2017-07-06,10.0,5.0,5.0,5.0
2017-07-07,14.0,5.4,8.6,8.6
2017-07-08,10.0,5.4,4.6,4.6
2017-07-09,10.0,5.0,5.0,5.0
2017-07-14,4.0,6.2,-2.2,0.0
2017-07-15,8.0,6.2,1.7999999999999998,1.7999999999999998
2017-07-16,9.0,6.2,2.8,2.8
2017-07-17,16.0,6.2,9.8,9.8
2017-07-18,21.0,6.800000000000001,14.2,14.2
2017-07-19,12.0,6.800000000000001,5.199999999999999,5.199999999999999
2017-08-02,10.0,6.0,4.0,4.0
2017-08-22,18.0,5.800000000000001,12.2,12.2
2017-08-24,11.0,6.0,5.0,5.0
2017-08-26,14.0,6.0,8.0,8.0
2017-08-27,14.0,6.0,8.0,8.0
2017-08-28,10.0,5.800000000000001,4.199999999999999,4.199999999999999
2017-08-29,9.0,5.800000000000001,3.1999999999999993,3.1999999999999993
2017-08-30,8.0,5.800000000000001,2.1999999999999993,2.1999999999999993
2017-10-13,19.0,6.0,13.0,13.0
2017-10-14,19.0,6.0,13.0,13.0
2017-10-15,13.0,6.0,7.0,7.0
2017-10-16,15.0,6.0,9.0,9.0
2017-10-27,10.0,6.0,4.0,4.0
2018-04-05,8.0,7.0,1.0,1.0
2018-04-06,13.0,7.0,6.0,6.0
2018-04-17,10.0,8.0,2.0,2.0
2018-04-18,11.0,8.0,3.0,3.0
2018-04-19,23.0,8.0,15.0,15.0
2018-04-20,31.0,8.0,23.0,23.0
2018-04-21,29.0,8.0,21.0,21.0
2018-04-22,26.0,8.0,18.0,18.0
2018-04-23,22.0,8.0,14.0,14.0
2018-04-24,27.0,8.4,18.6,18.6
2018-05-25,13.0,11.0,2.0,2.0
2018-05-26,12.0,11.0,1.0,1.0
2018-06-03,12.0,11.0,1.0,1.0
2018-06-24,13.0,11.0,2.0,2.0
2018-06-25,13.0,11.0,2.0,2.0
2018-06-26,14.0,11.4,2.5999999999999996,2.5999999999999996
2018-06-27,18.0,12.0,6.0,6.0
2018-06-28,12.0,12.0,0.0,0.0
2018-06-29,14.0,12.4,1.5999999999999996,1.5999999999999996
2018-06-30,15.0,13.4,1.5999999999999996,1.5999999999999996
2018-07-01,13.0,13.4,-0.40000000000000036,0.0
2018-08-03,21.0,12.4,8.6,8.6
2018-08-04,17.0,13.4,3.5999999999999996,3.5999999999999996
2018-08-05,22.0,13.4,8.6,8.6
2018-08-06,31.0,13.4,17.6,17.6
2018-08-07,24.0,13.4,10.6,10.6
2018-08-10,12.0,13.0,-1.0,0.0
2018-08-11,16.0,12.4,3.5999999999999996,3.5999999999999996
2018-08-12,17.0,12.0,5.0,5.0
2018-08-27,14.0,13.0,1.0,1.0
2018-08-28,22.0,13.0,9.0,9.0
2018-09-11,7.0,12.600000000000001,-5.600000000000001,0.0
2018-09-12,13.0,13.0,0.0,0.0
2018-09-19,20.0,13.0,7.0,7.0
2018-09-20,17.0,13.0,4.0,4.0
2018-10-20,18.0,7.0,11.0,11.0
2018-10-21,10.0,7.0,3.0,3.0
2018-11-14,16.0,5.0,11.0,11.0
2018-11-15,16.0,5.0,11.0,11.0
2018-11-16,13.0,5.600000000000001,7.399999999999999,7.399999999999999
2018-11-17,12.0,6.0,6.0,6.0
2018-11-18,8.0,6.0,2.0,2.0
2018-12-27,14.0,7.0,7.0,7.0
2018-12-28,13.0,6.800000000000001,6.199999999999999,6.199999999999999
2019-02-16,15.0,7.0,8.0,8.0
2019-02-17,7.0,7.0,0.0,0.0
2019-02-18,15.0,7.0,8.0,8.0
2019-02-19,10.0,7.0,3.0,3.0
2019-02-20,22.0,7.0,15.0,15.0
2019-02-21,24.0,7.0,17.0,17.0
2019-02-22,23.0,7.0,16.0,16.0
2019-02-23,23.0,7.0,16.0,16.0
2019-02-24,20.0,7.0,13.0,13.0
2019-02-25,20.0,7.0,13.0,13.0
2019-03-24,14.0,8.0,6.0,6.0
2019-04-17,6.0,4.0,2.0,2.0
2019-04-18,4.0,4.0,0.0,0.0
2019-04-19,9.0,4.0,5.0,5.0
2019-04-22,16.0,5.0,11.0,11.0
2019-06-24,13.0,8.8,4.199999999999999,4.199999999999999
2019-06-25,18.0,9.0,9.0,9.0
2019-06-26,28.0,9.8,18.2,18.2
2019-06-27,34.0,10.8,23.2,23.2
2019-06-29,16.0,13.600000000000001,2.3999999999999986,2.3999999999999986
2019-07-03,16.0,13.8,2.1999999999999993,2.1999999999999993
2019-07-04,21.0,13.8,7.199999999999999,7.199999999999999
2019-07-22,0.0,7.0,-7.0,0.0
2019-07-23,9.0,6.0,3.0,3.0
2019-07-24,15.0,6.0,9.0,9.0
2019-07-25,16.0,6.0,10.0,10.0
2019-09-14,11.0,8.0,3.0,3.0
2019-09-15,10.0,8.0,2.0,2.0
2019-09-16,17.0,8.0,9.0,9.0
2019-09-17,15.0,8.0,7.0,7.0
2019-09-18,16.0,8.0,8.0,8.0
2019-09-19,12.0,8.0,4.0,4.0
2019-09-20,14.0,8.0,6.0,6.0
2019-10-12,25.0,7.0,18.0,18.0
2019-10-13,20.0,7.0,13.0,13.0
2019-10-14,13.0,6.4,6.6,6.6
2019-11-01,6.0,4.0,2.0,2.0
2020-01-16,6.0,5.0,1.0,1.0
2020-01-23,15.0,5.0,10.0,10.0
2020-01-24,14.0,5.0,9.0,9.0
2020-01-25,9.0,5.0,4.0,4.0
2020-01-26,6.0,4.800000000000001,1.1999999999999993,1.1999999999999993
2020-02-03,18.0,5.0,13.0,13.0
2020-02-08,12.0,5.0,7.0,7.0
2020-02-27,32.0,6.0,26.0,26.0
2020-02-28,41.0,6.0,35.0,35.0
2020-02-29,34.0,6.0,28.0,28.0
2020-03-18,13.0,6.0,7.0,7.0
2020-03-19,13.0,6.0,7.0,7.0
2020-03-20,11.0,6.0,5.0,5.0
2020-03-21,17.0,6.800000000000001,10.2,10.2
2020-03-22,16.0,6.800000000000001,9.2,9.2
2020-03-23,15.0,6.0,9.0,9.0
2020-03-24,10.0,6.800000000000001,3.1999999999999993,3.1999999999999993
2020-05-04,3.0,5.600000000000001,-2.6000000000000014,0.0
2020-05-05,3.0,5.600000000000001,-2.6000000000000014,0.0
2020-05-07,12.0,5.200000000000001,6.799999999999999,6.799999999999999
2020-05-08,9.0,5.0,4.0,4.0
2020-05-09,10.0,5.0,5.0,5.0
2020-05-22,11.0,7.0,4.0,4.0
2020-05-23,6.0,7.0,-1.0,0.0
2020-06-01,9.0,7.0,2.0,2.0
2020-06-02,12.0,7.0,5.0,5.0
2020-06-03,12.0,7.0,5.0,5.0
2020-06-25,12.0,7.0,5.0,5.0
2020-07-08,13.0,7.0,6.0,6.0
2020-07-09,15.0,7.0,8.0,8.0
2020-07-12,8.0,7.0,1.0,1.0
2020-07-13,12.0,7.0,5.0,5.0
2020-07-21,16.0,7.4,8.6,8.6
2020-07-22,13.0,7.4,5.6,5.6
2020-07-23,14.0,7.800000000000001,6.199999999999999,6.199999999999999
2020-07-31,18.0,8.0,10.0,10.0
2020-08-08,15.0,7.200000000000001,7.799999999999999,7.799999999999999
2020-08-09,18.0,7.0,11.0,11.0
2020-08-10,13.0,7.200000000000001,5.799999999999999,5.799999999999999
2020-08-11,14.0,7.200000000000001,6.799999999999999,6.799999999999999
2020-08-12,8.0,7.200000000000001,0.7999999999999989,0.7999999999999989
2020-09-14,8.0,5.0,3.0,3.0
2020-09-17,10.0,5.0,5.0,5.0
2020-09-18,4.0,4.4,-0.40000000000000036,0.0
2020-10-19,12.0,3.0,9.0,9.0
2020-10-20,9.0,3.8000000000000007,5.199999999999999,5.199999999999999
2020-11-06,15.0,4.0,11.0,11.0
2020-11-18,7.0,5.0,2.0,2.0
2021-02-18,40.0,3.0,37.0,37.0
2021-02-19,94.0,3.0,91.0,91.0
2021-02-20,20.0,3.0,17.0,17.0
2021-02-21,52.0,3.0,49.0,49.0
2021-02-24,24.0,4.2,19.8,19.8
2021-02-25,44.0,4.2,39.8,39.8
2021-02-26,32.0,5.0,27.0,27.0
2021-02-27,23.0,5.2,17.8,17.8
2021-02-28,19.0,6.0,13.0,13.0
2021-03-01,22.0,5.2,16.8,16.8
2021-03-02,33.0,5.0,28.0,28.0
2021-03-03,52.0,5.0,47.0,47.0
2021-03-04,56.0,5.0,51.0,51.0
2021-03-05,34.0,5.0,29.0,29.0
2021-03-06,20.0,5.0,15.0,15.0
2021-03-07,20.0,5.4,14.6,14.6
2021-03-28,16.0,6.4,9.6,9.6
2021-03-29,16.0,6.4,9.6,9.6
2021-03-30,30.0,6.4,23.6,23.6
2021-03-31,28.0,7.0,21.0,21.0
2021-04-01,24.0,7.4,16.6,16.6
2021-04-02,29.0,8.0,21.0,21.0
2021-04-03,26.0,8.4,17.6,17.6
2021-04-09,9.0,9.0,0.0,0.0
2021-04-26,6.0,6.0,0.0,0.0
2021-05-31,11.0,7.200000000000001,3.799999999999999,3.799999999999999
2021-06-01,9.0,6.800000000000001,2.1999999999999993,2.1999999999999993
2021-06-02,11.0,7.800000000000001,3.1999999999999993,3.1999999999999993
2021-06-03,5.0,8.0,-3.0,0.0
2021-06-13,14.0,7.0,7.0,7.0
2021-06-14,15.0,6.800000000000001,8.2,8.2
2021-06-16,14.0,7.0,7.0,7.0
2021-07-11,10.0,6.0,4.0,4.0
2021-07-19,18.0,5.0,13.0,13.0
2021-07-20,18.0,5.0,13.0,13.0
2021-08-11,13.0,5.0,8.0,8.0
2021-08-12,18.0,5.0,13.0,13.0
2021-08-13,20.0,5.0,15.0,15.0
2021-08-14,24.0,6.0,18.0,18.0
2021-09-06,14.0,6.0,8.0,8.0
2021-09-07,18.0,6.0,12.0,12.0
2021-09-13,17.0,6.0,11.0,11.0
2021-09-14,9.0,6.0,3.0,3.0
2021-09-24,9.0,4.4,4.6,4.6
2021-10-20,11.0,5.0,6.0,6.0
2021-11-21,7.0,3.0,4.0,4.0
2021-12-19,10.0,3.0,7.0,7.0
2021-12-20,11.0,3.4000000000000004,7.6,7.6
2021-12-21,8.0,3.4000000000000004,4.6,4.6
2022-02-10,20.0,5.0,15.0,15.0
2022-02-11,10.0,5.0,5.0,5.0
2022-02-12,16.0,5.0,11.0,11.0
2022-02-13,21.0,5.0,16.0,16.0
2022-02-27,13.0,4.0,9.0,9.0
2022-03-15,116.0,4.0,112.0,112.0
2022-03-16,46.0,4.0,42.0,42.0
2022-03-18,22.0,4.0,18.0,18.0
2022-03-19,21.0,4.0,17.0,17.0
2022-03-20,16.0,4.0,12.0,12.0
2022-03-24,9.0,5.0,4.0,4.0
2022-03-25,19.0,5.0,14.0,14.0
2022-03-26,19.0,5.800000000000001,13.2,13.2
2022-03-27,22.0,6.0,16.0,16.0
2022-03-28,52.0,6.0,46.0,46.0
2022-03-29,48.0,5.4,42.6,42.6
2022-03-30,12.0,5.4,6.6,6.6
2022-04-11,15.0,4.0,11.0,11.0
2022-04-14,6.0,4.0,2.0,2.0
2022-04-15,10.0,4.0,6.0,6.0
2022-04-16,7.0,4.0,3.0,3.0
2022-04-29,13.0,7.0,6.0,6.0
2022-04-30,14.0,7.0,7.0,7.0
2022-05-01,13.0,6.600000000000001,6.399999999999999,6.399999999999999
2022-05-14,13.0,7.0,6.0,6.0
2022-05-15,14.0,7.0,7.0,7.0
2022-05-19,18.0,7.0,11.0,11.0
2022-05-20,22.0,7.0,15.0,15.0
2022-05-21,20.0,7.0,13.0,13.0
2022-05-22,26.0,7.0,19.0,19.0
2022-05-23,6.0,7.0,-1.0,0.0
2022-06-12,9.0,6.0,3.0,3.0
2022-06-13,12.0,6.0,6.0,6.0
2022-06-14,35.0,5.4,29.6,29.6
2022-06-15,33.0,5.0,28.0,28.0
2022-06-16,48.0,5.0,43.0,43.0
2022-06-17,42.0,5.0,37.0,37.0
2022-06-18,44.0,5.0,39.0,39.0
2022-06-19,20.0,5.0,15.0,15.0
2022-07-02,8.0,6.0,2.0,2.0
2022-07-03,7.0,6.0,1.0,1.0
2022-07-13,11.0,5.4,5.6,5.6
2022-07-14,19.0,5.4,13.6,13.6
2022-07-15,29.0,5.4,23.6,23.6
2022-07-16,36.0,6.4,29.6,29.6
2022-07-17,33.0,6.800000000000001,26.2,26.2
2022-07-18,33.0,7.0,26.0,26.0
2022-07-19,27.0,7.0,20.0,20.0
2022-07-20,16.0,7.0,9.0,9.0
2022-07-21,16.0,7.0,9.0,9.0
2022-07-24,14.0,7.0,7.0,7.0
2022-07-25,9.0,7.0,2.0,2.0
2022-08-03,14.0,5.4,8.6,8.6
2022-08-04,13.0,5.0,8.0,8.0
2022-08-10,16.0,4.800000000000001,11.2,11.2
2022-08-11,21.0,4.800000000000001,16.2,16.2
2022-08-12,25.0,5.800000000000001,19.2,19.2
2022-08-13,41.0,6.0,35.0,35.0
2022-08-14,13.0,6.0,7.0,7.0
2022-09-12,22.0,6.0,16.0,16.0
2022-09-13,8.0,6.0,2.0,2.0
2022-10-03,4.0,4.4,-0.40000000000000036,0.0
2022-10-04,15.0,4.0,11.0,11.0
2022-10-05,31.0,3.6000000000000005,27.4,27.4
2022-10-06,14.0,3.2,10.8,10.8
2022-10-07,20.0,3.0,17.0,17.0
2022-10-08,20.0,3.0,17.0,17.0
2022-10-09,27.0,3.0,24.0,24.0
2022-10-10,26.0,3.6,22.4,22.4
2022-10-11,19.0,4.2,14.8,14.8
2022-10-12,14.0,3.8000000000000003,10.2,10.2
2022-10-18,30.0,6.800000000000001,23.2,23.2
2022-10-19,29.0,5.0,24.0,24.0
2022-10-20,4.0,4.4,-0.40000000000000036,0.0
2022-10-21,3.0,4.0,-1.0,0.0
2022-10-22,4.0,4.2,-0.20000000000000018,0.0
2022-10-23,1.0,4.0,-3.0,0.0
2022-10-24,8.0,4.0,4.0,4.0
2022-10-25,11.0,4.0,7.0,7.0
2022-10-26,8.0,4.0,4.0,4.0
2022-10-27,37.0,4.0,33.0,33.0
2022-10-28,39.0,4.0,35.0,35.0
2022-10-29,27.0,4.0,23.0,23.0
2022-10-30,7.0,4.0,3.0,3.0
2022-10-31,8.0,4.0,4.0,4.0
2022-11-13,12.0,4.0,8.0,8.0
2022-12-26,3.0,3.0,0.0,0.0
2022-12-27,8.0,3.200000000000001,4.799999999999999,4.799999999999999
2022-12-28,10.0,4.0,6.0,6.0
2022-12-29,2.0,4.0,-2.0,0.0
2022-12-31,13.0,4.0,9.0,9.0
2023-01-01,14.0,3.200000000000001,10.799999999999999,10.799999999999999
2023-02-13,22.0,6.6000000000000005,15.399999999999999,15.399999999999999
2023-02-14,13.0,7.0,6.0,6.0
2023-02-15,15.0,7.0,8.0,8.0
2023-02-16,13.0,7.0,6.0,6.0
2023-02-17,17.0,7.0,10.0,10.0
2023-02-18,19.0,7.0,12.0,12.0
2023-02-19,18.0,7.0,11.0,11.0
2023-02-20,27.0,7.0,20.0,20.0
2023-02-21,34.0,7.0,27.0,27.0
2023-02-22,40.0,6.600000000000001,33.4,33.4
2023-03-04,21.0,4.800000000000001,16.2,16.2
2023-03-05,14.0,4.200000000000001,9.799999999999999,9.799999999999999
2023-03-29,18.0,5.0,13.0,13.0
2023-04-09,23.0,5.0,18.0,18.0
2023-04-17,5.0,5.0,0.0,0.0
2023-04-19,12.0,5.0,7.0,7.0
2023-04-21,12.0,5.0,7.0,7.0
2023-04-28,14.0,5.0,9.0,9.0
2023-05-27,20.0,9.0,11.0,11.0
2023-05-28,24.0,9.0,15.0,15.0
2023-05-29,14.0,9.0,5.0,5.0
2023-07-17,12.0,7.0,5.0,5.0
2023-07-18,18.0,7.0,11.0,11.0
2023-08-09,31.0,6.0,25.0,25.0
2023-09-04,88.0,5.0,83.0,83.0
2023-09-05,59.0,5.0,54.0,54.0
2023-09-06,39.0,4.0,35.0,35.0
2023-09-07,18.0,4.0,14.0,14.0
2023-10-03,10.0,7.0,3.0,3.0
2023-10-05,14.0,6.4,7.6,7.6
2023-10-13,27.0,5.0,22.0,22.0
2024-01-29,16.0,3.0,13.0,13.0
2024-01-30,15.0,3.0,12.0,12.0
2024-01-31,23.0,3.0,20.0,20.0
2024-02-01,30.0,3.0,27.0,27.0
2024-02-07,19.0,3.0,16.0,16.0
2024-02-08,21.0,3.0,18.0,18.0
2024-02-15,12.0,3.0,9.0,9.0
2024-02-25,5.0,3.0,2.0,2.0
2024-03-14,9.0,4.0,5.0,5.0
2024-03-19,24.0,4.0,20.0,20.0
2024-03-20,31.0,4.0,27.0,27.0
2024-03-21,18.0,4.0,14.0,14.0
2024-03-22,23.0,4.0,19.0,19.0
2024-04-06,25.0,4.0,21.0,21.0
2024-04-07,14.0,4.0,10.0,10.0
2024-04-15,9.0,4.0,5.0,5.0
2024-06-07,17.0,5.0,12.0,12.0
2024-06-08,15.0,5.0,10.0,10.0
2024-06-27,12.0,5.0,7.0,7.0
2024-06-28,5.0,5.0,0.0,0.0
2024-07-06,2.0,5.800000000000001,-3.8000000000000007,0.0
2024-07-19,10.0,6.0,4.0,4.0
2024-07-28,22.0,6.0,16.0,16.0
2024-07-29,25.0,5.800000000000001,19.2,19.2
2024-07-30,32.0,5.0,27.0,27.0
2024-07-31,16.0,5.800000000000001,10.2,10.2
2024-08-01,6.0,5.800000000000001,0.1999999999999993,0.1999999999999993
2024-08-02,4.0,6.2,-2.2,0.0
2024-08-09,7.0,4.6000000000000005,2.3999999999999995,2.3999999999999995
2024-08-10,10.0,4.6000000000000005,5.3999999999999995,5.3999999999999995
2024-08-11,20.0,4.6000000000000005,15.399999999999999,15.399999999999999
2024-08-12,15.0,5.0,10.0,10.0
2024-08-29,9.0,4.0,5.0,5.0
2024-08-30,13.0,4.0,9.0,9.0
2024-08-31,12.0,4.0,8.0,8.0
2024-09-01,13.0,4.0,9.0,9.0
2024-10-06,42.0,4.0,38.0,38.0
2024-10-07,9.0,4.0,5.0,5.0
2024-10-14,9.0,4.0,5.0,5.0
2024-10-15,26.0,4.0,22.0,22.0
2024-10-29,10.0,3.6000000000000005,6.3999999999999995,6.3999999999999995
2024-10-30,15.0,4.0,11.0,11.0
2024-10-31,41.0,4.0,37.0,37.0
2024-11-01,10.0,3.6000000000000005,6.3999999999999995,6.3999999999999995
2024-11-04,0.0,3.4000000000000004,-3.4000000000000004,0.0
2024-11-16,6.0,4.0,2.0,2.0
2024-11-17,17.0,4.0,13.0,13.0
2024-11-18,13.0,4.0,9.0,9.0
2024-11-19,13.0,4.0,9.0,9.0
2024-11-25,4.0,4.0,0.0,0.0
2024-11-30,25.0,4.0,21.0,21.0
2024-12-01,0.0,4.0,-4.0,0.0
2024-12-18,72.0,3.0,69.0,69.0
2024-12-19,20.0,3.8000000000000007,16.2,16.2
2025-02-16,8.0,4.0,4.0,4.0
2025-02-17,6.0,4.0,2.0,2.0
2025-02-21,9.0,4.0,5.0,5.0
2025-03-04,12.0,4.0,8.0,8.0
2025-03-05,20.0,3.6000000000000014,16.4,16.4
2025-03-06,7.0,3.200000000000001,3.799999999999999,3.799999999999999
2025-03-20,17.0,4.0,13.0,13.0
2025-03-21,2.0,4.0,-2.0,0.0
2025-04-04,10.0,4.0,6.0,6.0
2025-04-11,11.0,4.0,7.0,7.0
2025-04-12,7.0,4.0,3.0,3.0
2025-05-01,10.0,4.0,6.0,6.0
2025-05-02,12.0,4.0,8.0,8.0
2025-05-03,4.0,4.0,0.0,0.0
2025-05-18,9.0,5.200000000000001,3.799999999999999,3.799999999999999
2025-05-19,6.0,6.0,0.0,0.0
2025-05-30,14.0,6.0,8.0,8.0
2025-05-31,21.0,6.0,15.0,15.0
2025-06-01,9.0,6.0,3.0,3.0
2025-06-02,4.0,6.0,-2.0,0.0
2025-06-09,24.0,6.0,18.0,18.0
2025-06-10,23.0,6.0,17.0,17.0
2025-06-11,9.0,6.0,3.0,3.0
2025-06-12,18.0,7.0,11.0,11.0
2025-06-13,16.0,8.0,8.0,8.0
2025-06-16,9.0,8.0,1.0,1.0
2025-06-17,13.0,8.0,5.0,5.0
2025-06-18,14.0,8.0,6.0,6.0
2025-06-19,24.0,8.0,16.0,16.0
2025-06-20,21.0,8.0,13.0,13.0
2025-06-21,24.0,8.0,16.0,16.0
2025-06-22,17.0,8.0,9.0,9.0
2025-06-23,15.0,8.0,7.0,7.0
2025-06-24,19.0,8.0,11.0,11.0
2025-06-25,14.0,8.0,6.0,6.0
2025-06-29,9.0,8.600000000000001,0.3999999999999986,0.3999999999999986
2025-06-30,18.0,9.600000000000001,8.399999999999999,8.399999999999999
2025-07-01,22.0,10.0,12.0,12.0
2025-07-03,14.0,9.8,4.199999999999999,4.199999999999999
2025-07-04,14.0,9.2,4.800000000000001,4.800000000000001
2025-08-06,7.0,6.200000000000001,0.7999999999999989,0.7999999999999989
2025-08-07,24.0,8.0,16.0,16.0
2025-08-08,21.0,8.0,13.0,13.0
2025-08-09,15.0,8.0,7.0,7.0
2025-08-10,27.0,8.0,19.0,19.0
2025-08-11,33.0,8.0,25.0,25.0
2025-08-12,37.0,8.0,29.0,29.0
2025-08-13,25.0,8.0,17.0,17.0
2025-08-14,25.0,8.0,17.0,17.0
2025-08-15,6.0,8.0,-2.0,0.0
2025-08-17,41.0,8.0,33.0,33.0
2025-08-18,16.0,7.4,8.6,8.6
2025-09-19,21.0,4.800000000000001,16.2,16.2
2025-09-20,16.0,4.800000000000001,11.2,11.2
2025-11-12,9.0,3.0,6.0,6.0
2025-11-13,11.0,3.0,8.0,8.0
2025-11-14,5.0,3.0,2.0,2.0
2025-12-09,14.0,3.0,11.0,11.0
