feature_config,n_stations,informer_wins,airformer_wins,gat_informer_wins,xgboost_wins,informer_mean,airformer_mean,gat_informer_mean,xgboost_mean
F1,18,2.0,6,3.0,7,6.057272071419063,6.228765461179945,6.1033380428949995,5.973814633537172
F2,18,1.0,1,3.0,13,6.155993346073793,6.274049520492554,6.096808711687724,5.848966616723921
F3,18,0.0,7,2.0,9,6.309506803407162,5.704182386398315,6.110791855388218,5.81878955041997
F4,18,0.0,3,2.0,13,6.272748808524582,5.827795690960354,6.310966703626844,5.793668390010243
F5,18,0.0,4,2.0,12,6.383244416385157,5.64766173892551,6.174013945791456,5.447788409872449
F3S,18,,10,,8,,5.735894097222222,,5.836549720471275
F3I,18,,11,,7,,5.475510120391846,,5.544307534416138
F5I,18,,5,,13,,5.7247787316640215,,5.421615088733033
F3IL,18,,10,,8,,5.419930696487427,,5.538853061580831
