lag_hours,acf_median,acf_mean,acf_p25,acf_p75
0,1.0,1.0,1.0,1.0
1,0.863187252417136,0.8654631953394722,0.8331725147590359,0.915541400015056
2,0.7785517573189664,0.7606627275275838,0.718420586856319,0.8340363468779839
3,0.7138434511036774,0.6922321952102637,0.6464667267084713,0.7635426891498597
4,0.6564180962966206,0.6381153172353182,0.5840968714889679,0.7026891953593021
5,0.6121473891321785,0.5937187880396182,0.5388738720840766,0.6541305252144443
6,0.5765140985520891,0.5581980527542542,0.5065468815645031,0.6161212065522383
7,0.5458555483327252,0.5281586490481409,0.4818815995045029,0.5851634871713196
8,0.5156413642929527,0.5021502410514468,0.4613459866710716,0.5596632138186616
9,0.4882768185117934,0.4788183389399083,0.44104125975976477,0.5376548887858539
10,0.47023099260384926,0.4584978058369596,0.4226614185007217,0.5153766376991966
11,0.45335898544036923,0.4409320070749756,0.4052503001939448,0.4971370003645596
12,0.4385877354489058,0.4264945859304886,0.3866987755774469,0.4812613650018349
13,0.42402283891981984,0.4146853561499443,0.3749556256333806,0.4662682047264815
14,0.4107402601580713,0.4045309251899837,0.3626235585758108,0.4541025805554695
15,0.4005259641018157,0.39596562485856546,0.35253249732854175,0.443976849689406
16,0.3946278828205676,0.3896186426679572,0.344777422315768,0.4358608516797188
17,0.3909306102781609,0.38533504331157586,0.3396985868980509,0.4298659151610619
18,0.38759569779190983,0.38208237503887393,0.3384086110121361,0.4236624380592999
19,0.38679177876727033,0.3808693859471132,0.3419831148896543,0.42143457032160914
20,0.3878231748143255,0.3801579126205105,0.3423784123510382,0.4209604801980587
21,0.38950187525858115,0.38339083336103114,0.3519425311347135,0.4240388956667327
22,0.3896588851708657,0.38949791418786217,0.3671785637112549,0.42732646061481566
23,0.3915759155926148,0.3949079566071134,0.3761762246894991,0.4321096533539889
24,0.38870663132137473,0.3924466261922077,0.37383018543342533,0.43236991940163616
25,0.3740066185376639,0.3787353904208525,0.3592191519303883,0.41708229990475437
26,0.35765493364741213,0.3594001795127696,0.3366984532769163,0.3957008514549517
27,0.3384603583943452,0.3390728445658212,0.3109533885546867,0.37446866981566374
28,0.320612519371692,0.32064350301449573,0.2876816373395228,0.35539911108324773
29,0.30495362549543054,0.30479108491036905,0.2691844920008285,0.33912574160305425
30,0.28953042182074484,0.29156391043430374,0.2593170041509575,0.3243159037558002
31,0.27778987280677325,0.2802113908090089,0.2516136691921162,0.3110016573458979
32,0.268805367372556,0.27039311216012796,0.24511925561862674,0.29763107098330266
33,0.25903985656805,0.2613852937120632,0.24148093897069978,0.2852084766955547
34,0.25158236447715354,0.2535511740025286,0.23712072152238034,0.2756178290071712
35,0.2465893050856484,0.24757035575978742,0.2329197013488075,0.26708249428395225
36,0.2394531891588675,0.24223262621733654,0.22817612230896012,0.25898369780558006
37,0.23393121469638728,0.23653661928925274,0.22189957997753532,0.25091426256091265
38,0.22998316599115284,0.2323301912182821,0.2175185465326911,0.24520385145634455
39,0.22775284454047595,0.2287672378442551,0.2127333976917239,0.24069974688848572
40,0.2247755789338668,0.2264372457985783,0.20858060892936953,0.23873926922249056
41,0.2233429682174206,0.2257377382852084,0.20825789933207217,0.23915314497814033
42,0.22336771629499858,0.22617220736434726,0.20504979317422212,0.24138906728871823
43,0.22325952642039973,0.22728904253283005,0.20209793602969986,0.2429105356177032
44,0.2225116080579897,0.23018469227522528,0.20570061340730886,0.24552476185784022
45,0.2270792402884786,0.23567169865115906,0.20957673128890703,0.2505107032054749
46,0.23088293439604307,0.24209657955812564,0.21342597328925575,0.2569580252512695
47,0.23480158479356417,0.24792434506756594,0.21893507407632018,0.2625837011374167
48,0.23666005248297933,0.25020409338682265,0.22301171902758582,0.2635933678220297
49,0.22920948439282268,0.242384016665263,0.21508493749218685,0.25343192068239506
50,0.21515612718891042,0.22867790509372002,0.19933939266050904,0.23874086632896113
51,0.20140796887297563,0.2148730636017756,0.18490386886847204,0.22329505631881
52,0.1920946536538129,0.204400590529919,0.17740383595252,0.20948959244916543
53,0.1825553837276982,0.19545640119187238,0.1674340560837426,0.20203266749809953
54,0.17624095528526457,0.18803270472411307,0.15605494741129236,0.19706869355290524
55,0.16882829716091585,0.1813157424338737,0.1462231147725852,0.19117309965785814
56,0.16356096410476353,0.17467078432049157,0.13857450029296742,0.1805647973100259
57,0.15962239048141408,0.16887374102234043,0.13247510075698865,0.17433064738375298
58,0.15373928482982585,0.16343975377130956,0.12768445925197935,0.171177432542832
59,0.1493938574981023,0.15935044611747218,0.12410436587967147,0.16807759985965115
60,0.14665191301090913,0.15604726634223134,0.1208464585683585,0.16555465102073405
61,0.14430165259896233,0.153715533288754,0.11821913256931992,0.16167936852013123
62,0.14433194079411588,0.1539704028688056,0.11914118617947302,0.15935156637964332
63,0.14504433648839676,0.15413773526230098,0.12068453425135278,0.15931917977546692
64,0.14540955491136986,0.15524586923188116,0.12261161655406952,0.15992588811067088
65,0.14472791446831632,0.15744452201034434,0.12482853002430944,0.1620496212627186
66,0.14633037272866226,0.16035748668314703,0.12732734159428527,0.1631907819687677
67,0.14826355939726302,0.16445892032050116,0.13323602390753528,0.16656938562727633
68,0.15327969709471895,0.16950894986563833,0.1334688577979506,0.17140144280437467
69,0.161506294204596,0.1770032642735113,0.13889219659294935,0.17786729618692101
70,0.16685488688842826,0.1857244534623652,0.15047103079079194,0.1854600716358194
71,0.17393542188404792,0.1937482060115586,0.16082707078681424,0.1928178678117202
72,0.1775567625963055,0.19754792888695205,0.16654304937818393,0.19717387293831273
73,0.17173319106636795,0.19159486245304197,0.15837801114984457,0.19127439269476643
74,0.16088117383943168,0.18104750287476615,0.14478743928376697,0.18108212482834166
75,0.15235476503717676,0.17095519626101383,0.13278386229428338,0.17019338348012866
76,0.14311602016407737,0.16234908633805847,0.12735769574933603,0.1618014721764357
77,0.13775935377487175,0.15539621171865114,0.12333759189113558,0.1577656769423953
78,0.13392415897920923,0.15061405885312842,0.11911649943695679,0.15514696828282834
79,0.12982782847185237,0.1460977848510714,0.11279558111450812,0.14685415830061638
80,0.1255704527364883,0.14229453455371122,0.10767794802809241,0.13946774172949777
81,0.12295012954702644,0.13978705132807712,0.10517562606025996,0.13617812159591236
82,0.12119852910671253,0.13705686830437663,0.10091999230579701,0.13474505613268745
83,0.11962016091411504,0.13519349306935358,0.09991467791678454,0.1356040734643413
84,0.11972740811361529,0.13412356859399915,0.09711735740026434,0.13526402511807353
85,0.11920543377798551,0.13339554139052825,0.09726541966933495,0.1349721937211275
86,0.11980765229871501,0.1332403314360744,0.09735627501516321,0.13382063652803633
87,0.11888992689884921,0.13353396704838713,0.09964153301292354,0.1329491921072688
88,0.12130740649011074,0.1344481868103576,0.10210273384386412,0.1337370727445056
89,0.12412003131340592,0.1359885365927019,0.10662224049835958,0.13579396244699565
90,0.1252901265867504,0.13831366248835503,0.10883067118443604,0.1394148496414834
91,0.12543595146442724,0.14142995052928634,0.11122969275850163,0.14055701691217187
92,0.12910612538046684,0.14594913357192346,0.11576336856617869,0.14386742063057728
93,0.13787468517360754,0.15231332035471543,0.12078972729273171,0.1485896764397292
94,0.14385147194541814,0.16005984024164135,0.12945069684650667,0.15468911992096657
95,0.15008938177211045,0.16767966057349845,0.13795669498191265,0.16136669183832175
96,0.15453855922587695,0.171595772057326,0.1410878247231953,0.1649868093372978
97,0.14960652326782076,0.1666213386575571,0.13816514778736716,0.1607476126460216
98,0.13981982351614602,0.15710518609182925,0.12742101871046196,0.15216418226366787
99,0.12997602960992483,0.14764442810403597,0.11575283382516761,0.14306426767797442
100,0.12152331207675761,0.1392908245643889,0.10896479545282618,0.13554470375820116
101,0.11496590193179507,0.13310035125634068,0.10562269178463195,0.13439759286382827
102,0.11285426420107658,0.12906609879535585,0.10098177698221675,0.13072571005936243
103,0.11006320956650442,0.12583667142950195,0.0960815094922916,0.12435552036179567
104,0.10671414124240777,0.12211346168297481,0.08981482891130269,0.12156581085006227
105,0.10373553311853978,0.11882924137166866,0.08662857368227757,0.12004904783994234
106,0.10153269279753385,0.11650118387453544,0.08433781793108468,0.11775101802103934
107,0.09848190354530413,0.11437813039924631,0.08161744194417199,0.116403888871113
108,0.09620553919702057,0.11235745656251828,0.07988141976670336,0.11638788583642905
109,0.09509613484919266,0.11136707448142381,0.07988251869827481,0.11566722222336792
110,0.09626837981463501,0.11099754603461054,0.07919270550566429,0.11435866934094743
111,0.09598714953384715,0.11174772755429879,0.07954337642092685,0.11408935251177653
112,0.09663443589359039,0.11298309174027642,0.08134758104245396,0.11441931761265291
113,0.09699724782445225,0.11487971424298925,0.08539897943125609,0.11843355663921734
114,0.09678734087507654,0.1167294751978502,0.08679939896380176,0.12350778102810894
115,0.09905281136264638,0.11984449953105719,0.09063958482750513,0.1243549305118473
116,0.1060391700239755,0.1244924565254239,0.09614133306624208,0.1238636414543019
117,0.11339235766320951,0.1306045146591027,0.10043528437695895,0.12732567655613045
118,0.12262682746645559,0.1387145576916649,0.10603656245663085,0.13447269066389678
119,0.13193231728458243,0.14696732534026455,0.11642418591135503,0.1442122513639843
120,0.13549189861368566,0.15102818462779344,0.12070349346529657,0.14963121792537087
121,0.13208804773959482,0.14689790767606425,0.11402250995495494,0.14210947107976718
122,0.12284383155832998,0.1383078465452266,0.10642359784667016,0.1321596010560044
123,0.11411459231425655,0.13002605168317696,0.09935000209024666,0.126178143735061
124,0.1031976356207022,0.12237183469138614,0.09214011209054798,0.12292230572368223
125,0.09665735581373083,0.11678928856555773,0.0858682935216874,0.1226344906391789
126,0.09154858377869945,0.11182688111294209,0.07842517882349627,0.11691239468132225
127,0.08652369407272714,0.1074172202184554,0.07280449894681837,0.10964790089711571
128,0.08313271843386502,0.10386996426095392,0.0679702292454129,0.10342113448924242
129,0.08390756313497,0.10127600048762184,0.06468457929211528,0.09897693717357872
130,0.08301575499037549,0.09877528734676139,0.061480113666870145,0.0990080618101816
131,0.08224288081453462,0.09685343801186198,0.05903336169442833,0.10027579097430266
132,0.08219003648993735,0.09572397239265898,0.05725692537112928,0.0988541613123837
133,0.08172692176910827,0.09526574929329408,0.057715925866969976,0.09699582673396276
134,0.08157779569680682,0.09546021194126467,0.058185379142479794,0.09599139254715477
135,0.08128642338789935,0.09635337768256692,0.06091942902003931,0.09581772137454586
136,0.08300137857504056,0.09823660045121943,0.06335525712951752,0.09922816521878826
137,0.0844981300717928,0.10117354876933125,0.06688917467378613,0.10459334892800486
138,0.08728128495633186,0.10469075118457308,0.07009459598188514,0.11017420074817924
139,0.08984047132914097,0.10855473848946476,0.07322812352721147,0.11745323735122884
140,0.09418913893526447,0.11409208867884003,0.07941604072832231,0.12088739498958424
141,0.1009174284009182,0.1219324083682395,0.08655253072840138,0.12737674954914008
142,0.10971507679274206,0.13148896667073867,0.09335177802090545,0.13897963216482284
143,0.11861384328264385,0.1400614283324781,0.1009822013525082,0.15333430680732132
144,0.12340981475656893,0.14391645041748136,0.1044458501481367,0.15957186486749844
145,0.12034275599042094,0.13969716664666634,0.10082100232730892,0.15251117817278187
146,0.1097781060525552,0.1307713084630963,0.09311462760919148,0.1401220897826624
147,0.09980473914324237,0.1215102098675416,0.08418924799064054,0.1292186268685544
148,0.09274092799061066,0.11392417016623899,0.07858799520754894,0.1238763553227226
149,0.08723967469902699,0.10840212853619541,0.07292998385093219,0.11801416320583148
150,0.0824913249916656,0.10353860801257879,0.07007954977757494,0.11001784876161243
151,0.07615555036079925,0.09928559880201673,0.06751116545682581,0.10377113308781298
152,0.07272748426313103,0.0952389900377579,0.06315029077729785,0.09858847373022561
153,0.07023590608490893,0.09203322917656555,0.05997118188329985,0.0985236298009649
154,0.06728587127663203,0.08939645665708303,0.056831390608347174,0.09844598176895983
155,0.06577988560500447,0.08771519391500517,0.05412425069382636,0.09857139495019962
156,0.06521736192281921,0.08712313964843238,0.05425129162928642,0.09831865375900974
157,0.06616771088624585,0.0871729585000579,0.05569068250928261,0.09684502458631901
158,0.06621695048281466,0.08734435208315301,0.056367155224264415,0.09442744102829914
159,0.06673347500069439,0.08839185895905771,0.05823069319642516,0.09292503059535609
160,0.06998459402281831,0.09087359378840651,0.06113061531689317,0.09266175457349816
161,0.07412072743297779,0.09367579538211923,0.06351330443473995,0.09729746682979465
162,0.07686686348391833,0.09654790371886131,0.06622294767044341,0.10287256408745021
163,0.07943837523486473,0.10048818474358802,0.07000229409387787,0.1102347713607001
164,0.08393534047500034,0.10606469187148705,0.0754770595212719,0.11910360257262415
165,0.0913467640440975,0.11366228585675146,0.08003549617624807,0.12612536087034637
166,0.10172781618546614,0.12281346937055695,0.08647157065722494,0.1372058538156283
167,0.11048872456938755,0.13153924006238543,0.09315402696826357,0.15256256707279492
168,0.11567445006030057,0.1360507390703741,0.09672620067525013,0.16078252171076554
